Name,Term,ES,NES,NOM p-val,FDR q-val,FWER p-val,Tag %,Gene %,Lead_genes
prerank,GO:1990904,-0.6266271186845304,-19.395879780594285,0.0,0.0,0.0,223/271,26.24%,YIR009W;YGR091W;YBR152W;YGR075C;YOR308C;YDL098C;YMR268C;YIR015W;YDR478W;YIL018W;YOR063W;YGL030W;YDL075W;YDL184C;YBL092W;YPL143W;YLR325C;YOR234C;YLR075W;YER056C-A;YDR500C;YLR185W;YIL052C;YDL191W;YDL136W;YPL198W;YDR382W;YGR148C;YEL054C;YDR418W;YML073C;YLR448W;YMR194W;YBR031W;YDR012W;YLR344W;YPL131W;YOL127W;YJR094W-A;YPR043W;YHR141C;YDL133C-A;YDL082W;YGL031C;YER117W;YBL087C;YBR191W;YPL079W;YLR061W;YNL069C;YKR094C;YIL148W;YJL189W;YDR471W;YGL103W;YFR032C-A;YFR031C-A;YMR242C;YKL006W;YHL001W;YLR029C;YGR085C;YPR102C;YDL130W;YDL081C;YGL147C;YPL249C-A;YNL067W;YLR340W;YFL034C-A;YLL045C;YHL033C;YOL039W;YMR121C;YIL133C;YMR142C;YKL180W;YJL177W;YOL120C;YNL301C;YBR084C-A;YGL135W;YPL220W;YBL027W;YLR406C;YNL162W;YGL076C;YGR034W;YHR010W;YOR312C;YHR203C;YJR145C;YLR167W;YOR182C;YLR388W;YPL081W;YLR264W;YBR048W;YOR096W;YBL072C;YMR116C;YNL096C;YLR287C-A;YNL178W;YDL061C;YER102W;YOL121C;YPL090C;YJL136C;YNL302C;YLR441C;YKR057W;YML024W;YDR450W;YGL123W;YJR123W;YGR214W;YDL083C;YML063W;YHL015W;YDR447C;YHR021C;YMR230W;YMR143W;YOL040C;YER074W;YDR064W;YJL190C;YGL189C;YLR333C;YLR048W;YOR167C;YML026C;YCR031C;YJL191W;YER131W;YOR293W;YKL156W;YBR189W;YGR118W;YOR369C;YIL069C;YLR367W;YDR025W;YGR027C;YPR132W;YBR181C;YHR147C;YGR076C;YNL177C;YDR322W;YBR122C;YBR268W;YNL185C;YBL038W;YOR150W;YCR003W;YMR286W;YML009C;YLR439W;YPL173W;YMR225C;YKL170W;YMR024W;YDR462W;YBR282W;YNR022C;YCR071C;YDR405W;YGL068W;YKR085C;YDR115W;YEL050C;YGR220C;YKL167C;YDR116C;YNL005C;YNL252C;YKR006C;YDL202W;YNL284C;YMR193W;YKL138C;YPR100W;YJL096W;YLR312W-A;YPL183W-A;YML025C;YCR046C;YJL063C;YDR237W;YLR197W;YOR310C;YDL014W;YNL081C;YGR084C;YNL137C;YPL118W;YOR158W;YJR113C;YPL013C;YBL090W;YDR041W;YIL093C;YJR101W;YDR175C;YGL129C;YNL306W;YMR188C;YNR037C;YKL003C;YPR166C;YER050C;YGR215W;YBR146W;YDR347W;YHL004W;YBR251W;YMR158W;YDR337W;YDL045W-A;Q0140;YGR165W
prerank,GO:0005840,-0.8305786849076593,-17.184757094577893,0.0,0.0,0.0,211/214,26.24%,YIL018W;YOR063W;YGL030W;YDL075W;YDL184C;YBL092W;YPL143W;YLR325C;YOR234C;YLR075W;YER056C-A;YDR500C;YLR185W;YIL052C;YDL191W;YDL136W;YPL198W;YDR382W;YGR148C;YEL054C;YDR418W;YML073C;YLR448W;YMR194W;YBR031W;YDR012W;YLR344W;YPL131W;YOL127W;YJR094W-A;YPR043W;YHR141C;YDL133C-A;YDL082W;YGL031C;YER117W;YBL087C;YBR191W;YPL079W;YLR061W;YNL069C;YKR094C;YIL148W;YJL189W;YDR471W;YGL103W;YFR032C-A;YFR031C-A;YMR242C;YKL006W;YHL001W;YLR029C;YGR085C;YPR102C;YDL130W;YDL081C;YGL147C;YPL249C-A;YNL067W;YLR340W;YFL034C-A;YLL045C;YHL033C;YOL039W;YMR121C;YIL133C;YMR142C;YKL180W;YJL177W;YOL120C;YNL301C;YBR084C-A;YGL135W;YPL220W;YBL027W;YLR406C;YNL162W;YGL076C;YGR034W;YHR010W;YOR312C;YHR203C;YJR145C;YLR167W;YOR182C;YLR388W;YPL081W;YLR264W;YBR048W;YOR096W;YBL072C;YMR116C;YNL096C;YLR287C-A;YNL178W;YDL061C;YER102W;YOL121C;YPL090C;YJL136C;YNL302C;YLR441C;YKR057W;YML024W;YDR450W;YGL123W;YJR123W;YGR214W;YDL083C;YML063W;YHL015W;YDR447C;YHR021C;YMR230W;YMR143W;YOL040C;YER074W;YDR064W;YJL190C;YGL189C;YLR333C;YLR048W;YOR167C;YML026C;YCR031C;YJL191W;YER131W;YOR293W;YKL156W;YBR189W;YGR118W;YOR369C;YIL069C;YLR367W;YDR025W;YGR027C;YPR132W;YBR181C;YHR147C;YGR076C;YNL177C;YDR322W;YBR122C;YBR268W;YNL185C;YBL038W;YOR150W;YCR003W;YMR286W;YML009C;YLR439W;YPL173W;YMR225C;YKL170W;YMR024W;YDR462W;YBR282W;YNR022C;YCR071C;YDR405W;YGL068W;YKR085C;YDR115W;YEL050C;YGR220C;YKL167C;YDR116C;YNL005C;YNL252C;YKR006C;YDL202W;YNL284C;YMR193W;YKL138C;YPR100W;YJL096W;YLR312W-A;YPL183W-A;YML025C;YCR046C;YJL063C;YDR237W;YNL081C;YGR084C;YNL137C;YPL118W;YOR158W;YJR113C;YPL013C;YBL090W;YDR041W;YIL093C;YJR101W;YDR175C;YGL129C;YNL306W;YMR188C;YNR037C;YKL003C;YPR166C;YER050C;YGR215W;YBR146W;YDR347W;YHL004W;YBR251W;YMR158W;YDR337W;YDL045W-A;Q0140;YGR165W
prerank,GO:0003735,-0.8487632508833922,-15.737088505279893,0.0,0.0,0.0,212/212,26.24%,YIL018W;YOR063W;YGL030W;YDL075W;YDL184C;YBL092W;YPL143W;YLR325C;YOR234C;YLR075W;YER056C-A;YDR500C;YLR185W;YIL052C;YDL191W;YDL136W;YPL198W;YDR382W;YGR148C;YEL054C;YDR418W;YML073C;YLR448W;YMR194W;YBR031W;YDR012W;YLR344W;YPL131W;YOL127W;YJR094W-A;YPR043W;YHR141C;YDL133C-A;YDL082W;YGL031C;YER117W;YBL087C;YBR191W;YPL079W;YLR061W;YNL069C;YKR094C;YIL148W;YJL189W;YDR471W;YGL103W;YFR032C-A;YFR031C-A;YMR242C;YKL006W;YHL001W;YLR029C;YGR085C;YPR102C;YDL130W;YDL081C;YGL147C;YPL249C-A;YNL067W;YLR340W;YFL034C-A;YLL045C;YHL033C;YOL039W;YMR121C;YIL133C;YMR142C;YKL180W;YJL177W;YOL120C;YNL301C;YBR084C-A;YGL135W;YPL220W;YBL027W;YLR406C;YNL162W;YGL076C;YGR034W;YHR010W;YOR312C;YHR203C;YJR145C;YLR167W;YOR182C;YLR388W;YPL081W;YLR264W;YBR048W;YOR096W;YBL072C;YNL096C;YLR287C-A;YNL178W;YDL061C;YER102W;YOL121C;YPL090C;YJL136C;YNL302C;YLR441C;YKR057W;YML024W;YDR450W;YGL123W;YJR123W;YGR214W;YDL083C;YML063W;YHL015W;YDR447C;YHR021C;YMR230W;YMR143W;YOL040C;YER074W;YDR064W;YJL190C;YGL189C;YLR333C;YLR048W;YOR167C;YML026C;YCR031C;YJL191W;YER131W;YOR293W;YKL156W;YBR189W;YGR118W;YOR369C;YIL069C;YLR367W;YDR025W;YGR027C;YPR132W;YBR181C;YHR147C;YGR076C;YNL177C;YDR322W;YBR122C;YBR268W;YNL185C;YBL038W;YOR150W;YCR003W;YMR286W;YML009C;YLR439W;YPL173W;YMR225C;YKL170W;YMR024W;YDR462W;YBR282W;YNR022C;YCR071C;YDR405W;YGL068W;YKR085C;YDR115W;YEL050C;YGR220C;YKL167C;YDR116C;YNL005C;YNL252C;YKR006C;YDL202W;YNL284C;YMR193W;YKL138C;YPR100W;YJL096W;YLR312W-A;YPL183W-A;YML025C;YCR046C;YJL063C;YDR237W;YNL081C;YGR084C;YNL137C;YPL118W;YOR158W;YJR113C;YPL013C;YBL090W;YDR041W;YIL093C;YJR101W;YDR175C;YGL129C;YNL306W;YMR188C;YNR037C;YKL155C;YKL003C;YPR166C;YER050C;YGR215W;YBR146W;YFR049W;YDR347W;YHL004W;YBR251W;YMR158W;YDR337W;YDL045W-A;Q0140;YGR165W
prerank,GO:0002181,-0.8455653418783652,-12.011770932324783,0.0,0.0,0.0,112/113,20.16%,YLR192C;YIL018W;YGL030W;YDL075W;YDL184C;YBL092W;YPL143W;YLR325C;YOR234C;YLR075W;YER056C-A;YDR500C;YLR185W;YIL052C;YDL191W;YDL136W;YPL198W;YDR382W;YGR148C;YEL054C;YDR418W;YML073C;YLR448W;YMR194W;YBR031W;YDR012W;YLR344W;YPL131W;YOL127W;YJR094W-A;YPR043W;YHR141C;YDL133C-A;YDL082W;YGL031C;YER117W;YBL087C;YBR191W;YPL079W;YLR061W;YNL069C;YKR094C;YIL148W;YJL189W;YDR471W;YGL103W;YFR032C-A;YFR031C-A;YMR242C;YKL006W;YHL001W;YLR029C;YGR085C;YPR102C;YDL130W;YDL081C;YGL147C;YPL249C-A;YNL067W;YLR340W;YFL034C-A;YLL045C;YHL033C;YOL039W;YMR121C;YIL133C;YMR142C;YKL180W;YJL177W;YOL120C;YNL301C;YBR084C-A;YGL135W;YPL220W;YBL027W;YLR406C;YNL162W;YGL076C;YGR034W;YHR010W;YOR312C;YHR203C;YJR145C;YOR182C;YLR388W;YLR264W;YOR096W;YNL096C;YLR287C-A;YNL178W;YDL061C;YLR441C;YML024W;YDR450W;YGR214W;YML063W;YDR447C;YMR230W;YOL040C;YER074W;YJL190C;YGL189C;YLR333C;YLR048W;YML026C;YCR031C;YJL191W;YER131W;YOR293W;YIL069C;YLR367W;YGR027C
prerank,GO:0006412,-0.6393450178578775,-10.761243423414706,0.0,0.0,0.0,170/199,26.18%,YPR041W;YLR192C;YBR079C;YDR429C;YIL018W;YOR063W;YDL075W;YDL184C;YBL092W;YPL143W;YLR325C;YOR234C;YLR075W;YER056C-A;YDR500C;YLR185W;YIL052C;YDL191W;YDL136W;YEL054C;YDR418W;YML073C;YLR448W;YMR194W;YBR031W;YDR012W;YLR344W;YPL131W;YOL127W;YJR094W-A;YPR043W;YHR141C;YDL133C-A;YDL082W;YER117W;YBL087C;YBR191W;YPL079W;YLR061W;YNL069C;YKR094C;YIL148W;YJL189W;YDR471W;YGL103W;YFR032C-A;YFR031C-A;YMR242C;YKL006W;YHL001W;YLR029C;YGR085C;YPR102C;YGL147C;YPL249C-A;YNL067W;YFL034C-A;YMR121C;YIL133C;YMR142C;YKL180W;YJL177W;YOL120C;YNL301C;YBR084C-A;YGL135W;YPL220W;YBL027W;YLR406C;YNL162W;YGR034W;YHR010W;YOR312C;YHR203C;YJR145C;YLR167W;YOR182C;YLR388W;YPL081W;YLR264W;YBR048W;YOR096W;YBL072C;YNL096C;YLR287C-A;YNL178W;YDL061C;YER102W;YOL121C;YPL090C;YJL136C;YNL302C;YLR441C;YKR057W;YML024W;YDR450W;YGL123W;YJR123W;YGR214W;YDL083C;YML063W;YHL015W;YDR447C;YHR021C;YMR143W;YOL040C;YER074W;YDR064W;YJL190C;YGL189C;YLR048W;YOR167C;YML026C;YCR031C;YJL191W;YER131W;YKL156W;YBR189W;YGR118W;YOR369C;YIL069C;YLR367W;YDR025W;YPR132W;YBR181C;YHR147C;YNL177C;YNL185C;YBL038W;YOR150W;YCR003W;YMR286W;YML009C;YLR439W;YPL173W;YKL170W;YBR282W;YCR071C;YDR405W;YGL068W;YDR115W;YEL050C;YGR220C;YDR116C;YNL005C;YDL202W;YNL284C;YPL183W-A;YML025C;YCR046C;YJL063C;YDR237W;YNL081C;YJR113C;YPL013C;YBL090W;YDR041W;YNL306W;YMR188C;YNR037C;YKL155C;YKL003C;YPR166C;YER050C;YBR146W;YHL004W;YBR251W;YMR158W;YDR337W;Q0140
prerank,GO:0022625,-0.8790426908150065,-10.22465020825618,0.0,0.0,0.0,81/81,16.53%,YIL018W;YOR063W;YGL030W;YDL075W;YDL184C;YBL092W;YPL143W;YLR325C;YOR234C;YLR075W;YER056C-A;YDR500C;YLR185W;YIL052C;YDL191W;YDL136W;YPL198W;YDR382W;YGR148C;YEL054C;YDR418W;YML073C;YLR448W;YMR194W;YBR031W;YDR012W;YLR344W;YPL131W;YOL127W;YJR094W-A;YPR043W;YHR141C;YDL133C-A;YDL082W;YGL031C;YER117W;YBL087C;YBR191W;YPL079W;YLR061W;YNL069C;YKR094C;YIL148W;YJL189W;YDR471W;YGL103W;YFR032C-A;YFR031C-A;YMR242C;YKL006W;YHL001W;YLR029C;YGR085C;YPR102C;YDL130W;YDL081C;YGL147C;YPL249C-A;YNL067W;YLR340W;YFL034C-A;YLL045C;YHL033C;YOL039W;YMR121C;YIL133C;YMR142C;YKL180W;YJL177W;YOL120C;YNL301C;YBR084C-A;YGL135W;YPL220W;YBL027W;YLR406C;YNL162W;YGL076C;YGR034W;YHR010W;YOR312C
prerank,GO:0022627,-0.8267515923566878,-8.477134211975386,0.0,0.0,0.0,57/57,20.28%,YHR203C;YJR145C;YLR167W;YOR182C;YLR388W;YPL081W;YLR264W;YBR048W;YOR096W;YBL072C;YMR116C;YNL096C;YLR287C-A;YNL178W;YDL061C;YER102W;YOL121C;YPL090C;YJL136C;YNL302C;YLR441C;YKR057W;YML024W;YDR450W;YGL123W;YJR123W;YGR214W;YDL083C;YML063W;YHL015W;YDR447C;YHR021C;YMR230W;YMR143W;YOL040C;YER074W;YDR064W;YJL190C;YGL189C;YLR333C;YLR048W;YOR167C;YML026C;YCR031C;YJL191W;YER131W;YOR293W;YKL156W;YBR189W;YGR118W;YOR369C;YIL069C;YLR367W;YDR025W;YGR027C;YPR132W;YBR181C
prerank,GO:0032543,-0.7532091951034916,-8.120454650701904,0.0,0.0,0.0,72/73,26.24%,YHR147C;YGR076C;YNL177C;YBR122C;YBR268W;YNL185C;YBL038W;YOR150W;YCR003W;YMR286W;YML009C;YLR439W;YPL173W;YMR225C;YKL170W;YMR024W;YDR462W;YBR282W;YNR022C;YCR071C;YDR405W;YGL068W;YKR085C;YDR115W;YEL050C;YGR220C;YKL167C;YDR116C;YNL252C;YKR006C;YDL202W;YNL284C;YMR193W;YKL138C;YPR100W;YJL096W;YLR312W-A;YPL183W-A;YML025C;YCR046C;YJL063C;YDR237W;YNL081C;YGR084C;YNL137C;YPL118W;YOR158W;YJR113C;YPL013C;YBL090W;YDR041W;YIL093C;YJR101W;YDR175C;YGL129C;YNL306W;YMR188C;YNR037C;YKL155C;YKL003C;YPR166C;YER050C;YGR215W;YBR146W;YDR347W;YHL004W;YBR251W;YMR158W;YDR337W;YDL045W-A;Q0140;YGR165W
prerank,GO:0005762,-0.7871130764371446,-6.787524849383334,0.0,0.0,0.0,44/44,23.48%,YHR147C;YGR076C;YNL177C;YDR322W;YBR122C;YBR268W;YNL185C;YBL038W;YOR150W;YCR003W;YMR286W;YML009C;YLR439W;YPL173W;YMR225C;YKL170W;YMR024W;YDR462W;YBR282W;YNR022C;YCR071C;YDR405W;YGL068W;YKR085C;YDR115W;YEL050C;YGR220C;YKL167C;YDR116C;YNL005C;YNL252C;YKR006C;YDL202W;YNL284C;YMR193W;YKL138C;YPR100W;YJL096W;YLR312W-A;YPL183W-A;YML025C;YCR046C;YJL063C;YDR237W
prerank,GO:0005763,-0.7525062656641603,-5.361399343031961,0.0,0.0,0.0,31/31,26.24%,YNL081C;YGR084C;YNL137C;YPL118W;YHR075C;YOR158W;YJR113C;YPL013C;YBL090W;YDR041W;YIL093C;YJR101W;YDR175C;YGL129C;YNL306W;YMR188C;YNR037C;YKL155C;YKL003C;YPR166C;YER050C;YGR215W;YBR146W;YDR347W;YHL004W;YBR251W;YMR158W;YDR337W;YDL045W-A;Q0140;YGR165W
prerank,GO:0000502,-0.6639447236180904,-4.931556229936524,0.0,0.0,0.0,35/35,35.10%,YOR261C;YOR117W;YDR363W-A;YDR394W;YGL048C;YHR200W;YHR027C;YFR052W;YFR004W;YOR259C;YER021W;YIL075C;YLR421C;YFR010W;YDL147W;YPR108W;YDL097C;YHL030W;YDL007W;YKL145W;YDR427W;YFR050C;YML092C;YBL041W;YER094C;YER012W;YGL011C;YOL038W;YOR157C;YGR135W;YMR314W;YPR103W;YGR253C;YJL001W;YOR362C
prerank,GO:0015934,-0.7825545171339564,-4.54774991411373,0.0,0.0,0.0,22/22,22.86%,YLR344W;YBR191W;YPL079W;YNL069C;YGL103W;YMR242C;YIL133C;YKL180W;YJL177W;YBR084C-A;YGL135W;YPL220W;YBL027W;YGR034W;YOR312C;YNL177C;YCR003W;YMR286W;YKL170W;YEL050C;YDR116C;YNL284C
prerank,GO:0019843,-0.6557138262442944,-4.4801070991402305,0.0,0.0,0.0,26/28,26.06%,YIL018W;YDR500C;YLR185W;YPL131W;YOL127W;YFR031C-A;YGR085C;YPR102C;YGL147C;YNL067W;YHR203C;YJR145C;YPL081W;YBR048W;YDR450W;YJR123W;YML026C;YBR189W;YDR025W;YHR147C;YBL038W;YNL137C;YJR113C;YMR188C;YKL003C;YDR337W
prerank,GO:0070847,-0.7075295581829496,-4.034583995661402,0.0,0.0,0.0,20/20,30.18%,YER022W;YGL127C;YDR308C;YPR070W;YNR010W;YOL135C;YDL005C;YBR193C;YMR112C;YNL236W;YLR071C;YBL093C;YGR104C;YPR168W;YGL025C;YHR058C;YHR041C;YOL051W;YBR253W;YOR174W
prerank,GO:0000428,-0.5548444613044051,-3.987320663043404,0.0,0.0,0.0,24/32,5.22%,YNL248C;YJL148W;YOR340C;YOR341W;YJR063W;YDR156W;YPR010C;YJL011C;YOR207C;YOR116C;YKL144C;YDL150W;YNL151C;YPR190C;YNR003C;YDR045C;YKR025W;YJL140W;YOL005C;YDL140C;YOR151C;YIL021W;YGL070C;YDR404C
prerank,GO:0015935,-0.7496894409937889,-3.930340308736863,0.0,0.0,0.0,17/17,25.88%,YPL081W;YNL178W;YDR450W;YGL123W;YJR123W;YGR214W;YHL015W;YOL040C;YLR048W;YML026C;YBR189W;YGR118W;YPR132W;YNL081C;YDR041W;YBR146W;YHL004W
prerank,GO:0046933,-0.7248447204968944,-3.871874661614902,0.0,0.0,0.0,17/17,28.33%,YPL271W;YDR298C;YJR121W;YDR322C-A;Q0130;YDL004W;YML081C-A;YOL077W-A;YPL078C;YBR039W;YPR020W;Q0085;YLR295C;YDR377W;YKL016C;Q0080;YBL099W
prerank,GO:0045259,-0.7248447204968944,-3.871874661614902,0.0,0.0,0.0,17/17,28.33%,YPL271W;YDR298C;YJR121W;YDR322C-A;Q0130;YDL004W;YML081C-A;YOL077W-A;YPL078C;YBR039W;YPR020W;Q0085;YLR295C;YDR377W;YKL016C;Q0080;YBL099W
prerank,GO:0015986,-0.7248447204968944,-3.871874661614902,0.0,0.0,0.0,17/17,28.33%,YPL271W;YDR298C;YJR121W;YDR322C-A;Q0130;YDL004W;YML081C-A;YOL077W-A;YPL078C;YBR039W;YPR020W;Q0085;YLR295C;YDR377W;YKL016C;Q0080;YBL099W
prerank,GO:0016592,-0.5909425640480714,-3.8697713790451624,0.0,0.0,0.0,25/26,30.18%,YDR443C;YER022W;YGL127C;YDR308C;YPR070W;YNR010W;YOL135C;YDL005C;YNL025C;YGL151W;YBR193C;YMR112C;YCR081W;YPL042C;YNL236W;YLR071C;YBL093C;YGR104C;YPR168W;YGL025C;YHR058C;YHR041C;YOL051W;YBR253W;YOR174W
prerank,GO:0000054,-0.7311268702285709,-3.854634787812407,0.0,0.0,0.0,16/17,19.67%,YLR264W;YNL178W;YOL121C;YNL302C;YDR450W;YGL123W;YJR123W;YGR214W;YMR230W;YOL040C;YGL189C;YLR048W;YOR167C;YML026C;YER131W;YOR293W
prerank,GO:0006338,-0.331282314908369,-3.8512641194882247,0.0,0.0,0.0,41/78,9.77%,YOR023C;YGR274C;YFL024C;YHR090C;YLR085C;YBR231C;YAL011W;YLR385C;YDR334W;YDR485C;YML041C;YDL002C;YNL059C;YOR141C;YGL150C;YFL013C;YLR052W;YKL112W;YHL025W;YNR023W;YBR289W;YFL049W;YJL176C;YPL016W;YOR290C;YPR031W;YOR064C;YJR060W;YLR357W;YGR056W;YMR091C;YBL006C;YHR056C;YDR303C;YKR008W;YLR033W;YCR052W;YFR037C;YLR321C;YIL126W;YML127W
prerank,GO:0034515,-0.6577473553204729,-3.7937684620113266,0.0,0.0,0.0,20/20,35.10%,YOR261C;YDR363W-A;YGL048C;YHR027C;YFR052W;YFR004W;YIL075C;YLR421C;YDL147W;YDL097C;YDR427W;YFR050C;YML092C;YOL038W;YOR157C;YGR135W;YMR314W;YGR253C;YJL001W;YOR362C
prerank,GO:0000028,-0.6729165493016123,-3.6307958547185777,0.0,0.0,0.0,16/18,20.10%,YLR167W;YLR264W;YBR048W;YOL121C;YNL302C;YML024W;YGR214W;YDR447C;YHR021C;YLR048W;YOR167C;YCR031C;YJL191W;YKL156W;YOR369C;YDR025W
prerank,GO:0003899,-0.5127110966565823,-3.5960590194681936,0.0,0.0,0.0,22/31,5.16%,YNL248C;YJL148W;YOR340C;YOR341W;YJR063W;YDR156W;YPR010C;YJL011C;YOR207C;YOR116C;YKL144C;YDL150W;YNL151C;YPR190C;YNR003C;YDR045C;YKR025W;YOL005C;YDL140C;YOR151C;YIL021W;YGL070C
prerank,GO:0006974,0.4679094023299813,3.5718602424115815,0.0,0.0,0.0,77/111,33.31%,YPL031C;YMR167W;YEL037C;YOL090W;YJL081C;YDL042C;YDR121W;YOL068C;YOR039W;YIL139C;YCR084C;YPL167C;YJR082C;YBR114W;YJR052W;YDR190C;YPL235W;YPR023C;YNL107W;YGR002C;YER116C;YDL013W;YMR106C;YMR284W;YDR004W;YNL085W;YGL207W;YKL054C;YLR135W;YLL002W;YCR066W;YGL058W;YDR076W;YML069W;YDR113C;YHR079C-A;YPL121C;YPL153C;YOR005C;YPR180W;YGL090W;YJR035W;YBR228W;YBR098W;YDR386W;YPL122C;YDR311W;YLR005W;YIL143C;YPR056W;YER171W;YGL019W;YOR061W;YIL035C;YPL001W;YPL194W;YML112W;YMR224C;YDR369C;YNL201C;YLR288C;YOR368W;YPL022W;YML095C;YMR201C;YMR048W;YNL273W;YKL139W;YJL006C;YBR195C;YPR018W;YML102W;YPL024W;YNL250W;YCR092C;YER162C;YDR097C
prerank,GO:0006754,-0.7239454094292804,-3.5456559746689713,0.0,0.0,0.0,15/15,28.33%,YPL271W;YDR298C;YJR121W;YDR322C-A;YDL004W;YML081C-A;YOL077W-A;YBR039W;YPR020W;Q0085;YLR295C;YDR377W;YKL016C;Q0080;YBL099W
prerank,GO:0016586,-0.6594193978389227,-3.5258897571629193,0.0,0.0,0.0,15/18,9.77%,YFL049W;YLR357W;YGR056W;YMR091C;YBL006C;YCR020W-B;YHR056C;YDR303C;YKR008W;YLR033W;YCR052W;YFR037C;YLR321C;YIL126W;YML127W
prerank,GO:0003712,-0.46332843145471714,-3.5010574364812523,0.0,0.0,0.0,29/36,30.18%,YLR055C;YOR244W;YLR223C;YBL052C;YMR263W;YLR321C;YOL145C;YOR123C;YDR443C;YER022W;YGL127C;YDR308C;YPR070W;YNR010W;YOL135C;YGL151W;YBR193C;YMR112C;YCR081W;YLR071C;YBL093C;YGR104C;YPR168W;YGL025C;YHR058C;YHR041C;YOL051W;YBR253W;YOR174W
prerank,GO:0006281,0.4594103432632874,3.488899481340588,0.0,0.0,0.0,77/113,33.31%,YDL047W;YMR167W;YEL037C;YOL090W;YOL094C;YNL290W;YJR068W;YBR087W;YJL081C;YFL039C;YDL042C;YIL139C;YPL167C;YHR099W;YJR082C;YBR114W;YJR052W;YDR190C;YPL235W;YPR023C;YNL107W;YGR002C;YER116C;YDL013W;YMR106C;YMR284W;YDR004W;YGL207W;YKL054C;YLR135W;YCR066W;YGL058W;YKL025C;YDR076W;YML069W;YHR079C-A;YPL121C;YPL153C;YOR005C;YGL090W;YJR035W;YBR228W;YBR098W;YDR386W;YPL122C;YDR311W;YLR005W;YIL143C;YPR056W;YER171W;YPL001W;YPL194W;YJL173C;YMR224C;YDR369C;YDR075W;YLR288C;YOR368W;YPL022W;YML095C;YMR201C;YMR048W;YCL061C;YNL273W;YDL102W;YBR195C;YPR018W;YML102W;YMR190C;YLR234W;YJR006W;YAR007C;YNL312W;YNL250W;YCR092C;YER162C;YDR097C
prerank,GO:0003723,-0.1770461988894837,-3.39818199197036,0.0,0.0,0.0,91/220,20.10%,YLR116W;YMR125W;YKL074C;YPL178W;YDR243C;YNL286W;YIR009W;YGR091W;YBR152W;YHR081W;YOR001W;YMR268C;YDR478W;YMR012W;YBR079C;YDR429C;YOR179C;YLR277C;YPR107C;YGR156W;YDR195W;YNL317W;YAL043C;YJR093C;YLR115W;YKR002W;YDR301W;YIL018W;YOR063W;YGL030W;YDR500C;YLR185W;YPL198W;YGR148C;YEL054C;YDR418W;YML073C;YLR448W;YMR194W;YBR031W;YDR012W;YLR344W;YPL131W;YOL127W;YDL082W;YGL031C;YLR061W;YNL069C;YGL103W;YFR031C-A;YKL006W;YHL001W;YLR029C;YGR085C;YPR102C;YPL249C-A;YFL034C-A;YLL045C;YHL033C;YMR121C;YIL133C;YMR142C;YOL120C;YNL301C;YBR084C-A;YGL135W;YPL220W;YBL027W;YGL076C;YGR034W;YHR203C;YJR145C;YPL081W;YBR048W;YNL178W;YOL121C;YNL302C;YDR450W;YGL123W;YJR123W;YDL083C;YHL015W;YHR021C;YMR230W;YMR143W;YOL040C;YML026C;YOR293W;YKL156W;YBR189W;YDR025W
prerank,GO:0000027,-0.5425382896785567,-3.2753983355110603,0.0,0.0,0.0,16/22,15.24%,YOR063W;YPL143W;YLR075W;YEL054C;YDR418W;YML073C;YLR448W;YPL131W;YOL127W;YKR094C;YIL148W;YKL006W;YHL001W;YGR085C;YPR102C;YLR340W
prerank,GO:1902600,-0.34271306764915355,-3.257673122866596,0.0,0.0,0.0,51/54,59.00%,YMR054W;YOR270C;YPL271W;YDR298C;YJR121W;YDR322C-A;Q0130;YDL004W;YML081C-A;YOL077W-A;YPL078C;YBR039W;YPR020W;Q0085;YLR295C;YDR377W;YKL016C;Q0080;YBL099W;YHR051W;YNL052W;YMR256C;YLR395C;YGL191W;YDL067C;Q0250;YGL187C;Q0275;YLR038C;YGR183C;YFR033C;YJL166W;YHR001W-A;YEL024W;YDR529C;YPR191W;YBL045C;Q0105;YOR065W;YOR332W;YDL185W;YPR036W;YGR020C;YEL051W;YHR026W;YPL234C;YHR039C-A;YEL027W;YKL080W;YBR127C;YLR447C
prerank,GO:0006337,-0.5937542522058503,-3.2036075581066585,0.0,0.0,0.0,14/18,9.77%,YLR357W;YGR056W;YMR091C;YBL006C;YCR020W-B;YHR056C;YDR303C;YKR008W;YLR033W;YCR052W;YFR037C;YLR321C;YIL126W;YML127W
prerank,GO:0005680,-0.6240481099313877,-3.1043402675290728,0.0,0.0,0.0,14/15,27.29%,YGL240W;YGL003C;YFR036W;YDR260C;YDL008W;YBL084C;YLR127C;YIR025W;YHR166C;YOR249C;YDR118W;YNL172W;YLR102C;YKL022C
prerank,GO:0000462,-0.4081361590670474,-3.083021931851758,0.0,0.0,0.0,23/36,20.28%,YLR192C;YPL081W;YBR048W;YBL072C;YER102W;YPL090C;YLR441C;YDL083C;YML063W;YHL015W;YHR021C;YMR143W;YER074W;YDR064W;YCR031C;YJL191W;YKL156W;YBR189W;YGR118W;YIL069C;YDR025W;YPR132W;YBR181C
prerank,GO:0006891,-0.5637041640770665,-3.065110439954797,0.0,0.0,0.0,18/18,44.31%,YDR407C;YGR166W;YMR218C;YKR068C;YDL145C;YIL076W;YPL010W;YNL287W;YDR238C;YGL137W;YML071C;YER157W;YNL051W;YPR105C;YGL005C;YNL041C;YGR120C;YGL223C
prerank,GO:0016787,0.38569442469017184,3.0587794742319945,0.0,0.0,0.0,81/134,32.39%,YER133W;YDL047W;YDL134C;YBR245C;YFL039C;YAL021C;YJL050W;YGR163W;YNL330C;YBR114W;YER025W;YDR190C;YPL235W;YKL182W;YMR106C;YMR284W;YGR098C;YPL029W;YMR095C;YNL118C;YHR004C;Q0120;YMR287C;YPR024W;YPL111W;YBR229C;YMR089C;YER017C;YGL094C;YPR165W;YDR172W;YOR173W;YLR270W;YNL325C;YER151C;YLR163C;YLR229C;YLL010C;YPL228W;YJR035W;YBR228W;YBR098W;YDR386W;YML085C;YIL143C;YER171W;YNL221C;YBR167C;YHR062C;YAL033W;YBL018C;YGR030C;YDL100C;YLR398C;YMR224C;YDR075W;YFR044C;YNL072W;YNL021W;YDL084W;YMR150C;YOR368W;YMR035W;YPL022W;YML095C;YBR281C;YGL246C;YOR048C;YDL126C;YGL120C;YMR080C;YDL102W;YBR179C;YOR211C;YKR059W;YML057W;YLR433C;YMR190C;YPL149W;YNL250W;YPL096W
prerank,GO:0030686,-0.3533513457202818,-2.9535150457624595,0.0,0.0,0.0,37/41,53.29%,YFL009W;YLR340W;YHR203C;YJR145C;YPL081W;YBR048W;YOR096W;YBL072C;YNL178W;YER102W;YPL090C;YLR441C;YJR123W;YGR214W;YML063W;YMR143W;YDR064W;YGL189C;YCR031C;YER131W;YBR189W;YDR025W;YLR197W;YOR310C;YDL014W;YDR324C;YHR196W;YGR128C;YMR093W;YJL109C;YPL126W;YDR449C;YLR222C;YLR129W;YJL069C;YCR057C;YLR409C
prerank,GO:0006351,-0.40819535302730536,-2.931062834820453,0.0,0.0,0.0,19/31,5.96%,YNL248C;YOR340C;YOR341W;YJR063W;YPR010C;YPR025C;YOR207C;YOR116C;YKL144C;YPR190C;YDR045C;YKR025W;YOL005C;YDL140C;YOR151C;YIL021W;YGL070C;YDR404C;YGL150C
prerank,GO:0016740,0.3581426177213574,2.8905872224587843,0.0,0.0,0.0,86/134,39.03%,YBR160W;YPL031C;YDR477W;YER125W;YKL019W;YDL042C;YOL068C;YPL167C;YOL115W;YOL013C;YBR097W;YLR240W;YGR252W;YMR231W;YPR161C;YKL182W;YER116C;YDL013W;YPL231W;YMR205C;YLR342W;YGR240C;YJL088W;YJL071W;YLL002W;YCR066W;YGL058W;YOL096C;YER069W;YGL047W;YMR108W;YOL124C;YDR092W;YJL125C;YDL017W;YPR131C;YPL153C;YCL017C;YDL095W;YDL074C;YGR092W;YAL023C;YGR032W;YPR054W;YLR246W;YJL031C;YDL093W;YOR321W;YNL161W;YGL130W;YHL007C;YPR176C;YMR296C;YDR062W;YDL201W;YOR061W;YIL035C;YPL001W;YHR013C;YLR318W;YNL191W;YMR127C;YDL102W;YJL210W;YKL139W;YJR043C;YOR253W;YJR006W;YDR265W;YPR051W;YHR102W;YGL155W;YPL057C;YDL090C;YPL209C;YBR161W;YKL166C;YNL102W;YJL164C;YIR008C;YJL012C;YBR126C;YPL203W;YDL159W;YDR173C;YLR362W
prerank,GO:0043161,-0.3179291874685797,-2.763672291796863,0.0,6.756615648076145e-05,0.002,37/46,43.70%,YDR054C;YOR261C;YOR117W;YDR363W-A;YDR394W;YGL048C;YHR200W;YHR027C;YFR052W;YFR004W;YOR259C;YIL075C;YFR010W;YPR108W;YDL007W;YKL145W;YFR050C;YML092C;YBL041W;YER094C;YER012W;YGL011C;YOL038W;YOR157C;YGR135W;YMR314W;YPR103W;YGR253C;YJL001W;YOR362C;YIL097W;YDR255C;YCL039W;YMR135C;YBR105C;YIL017C;YGL227W
prerank,GO:0005682,0.6845702547703898,2.7502403325706712,0.0,0.0,0.0,7/15,1.11%,YGR074W;YLR147C;YLR275W;YOR159C;YER029C;YPR182W;YFL017W-A
prerank,GO:0005524,0.3307385164971295,2.742402661734495,0.0,0.0,0.0,118/164,48.56%,YBR160W;YPL031C;YMR167W;YDR477W;YGL115W;YOL090W;YOL094C;YNL290W;YJR068W;YBR087W;YBR245C;YJL081C;YFL039C;YJL050W;YOL115W;YBR097W;YLR240W;YLR396C;YBR114W;YDR190C;YPL235W;YPR161C;YMR106C;YMR284W;YMR205C;YPL029W;YFR009W;YDR004W;YGR240C;YPR024W;YLR382C;YGL058W;YJR109C;YOR303W;YMR089C;YER017C;YKL025C;YDR076W;YER069W;YDR092W;YDL017W;YPL153C;YLR060W;YGR244C;YGR092W;YJL005W;YPR054W;YFL022C;YKL188C;YOR005C;YDR390C;YHR064C;YNL161W;YGL130W;YHL007C;YJR035W;YPR066W;YPL147W;YPL003W;YIL143C;YER171W;YOR061W;YIL035C;YDL100C;YLR398C;YHL022C;YDL084W;YDL126C;YGL120C;YGL245W;YGR264C;YMR080C;YKL139W;YKR059W;YER070W;YOR317W;YMR246W;YBR041W;YMR190C;YNL250W;YHR102W;YCR092C;YDR009W;YPL209C;YDR097C;YKL166C;YJL164C;YIR008C;YPL203W;YBL075C;YNL064C;YDL159W;YMR186W;YDR173C;YLR362W;YKR054C;YBL016W;YBR127C;YKL080W;YDL185W;YNL082W;YPL164C;YLR035C;YJL074C;YFL008W;YOR250C;YLR086W;YGR262C;YFR031C;YNR038W;YGR188C;YNL261W;YLR274W;YBR202W;YPR019W;YBL023C;YEL032W;YGL201C
prerank,GO:0016874,0.6621932324657313,2.7413202845672666,0.0,0.0,0.0,16/17,29.99%,YLR382C;YGL087C;YJR109C;YOR303W;YLR060W;YOR142W;YGR244C;YFL022C;YOR005C;YDR390C;YPR066W;YGL245W;YGR264C;YOR317W;YMR246W;YBR041W
prerank,GO:0003824,0.5346847701373938,2.7202187214631324,0.0,0.0,0.0,25/29,37.19%,YAL021C;YJL050W;YKL182W;YOR136W;YPL231W;YMR205C;YGR240C;YNL037C;YBR229C;YER069W;YMR108W;YOR142W;YGR244C;YJL005W;YKL211C;YPR176C;YJR035W;YHL022C;YER070W;YGL155W;YDL090C;YMR261C;YDR074W;YML100W;YBR126C
prerank,GO:0000166,0.3201747262309631,2.7201515409046424,0.0,0.0,0.0,136/193,48.56%,YBR160W;YPL031C;YDR477W;YGL115W;YML051W;YOL090W;YOL094C;YNL290W;YJR068W;YBR087W;YBR245C;YFL039C;YPL167C;YJL050W;YOL115W;YBR097W;YLR240W;YGR163W;YBR114W;YER025W;YDR190C;YPL235W;YPR161C;YMR106C;YMR284W;YMR205C;YPL029W;YFR009W;YDR004W;YGR240C;YPR024W;YLR382C;YGL058W;YJR109C;YOR303W;YMR089C;YER017C;YKL025C;YDR076W;YER069W;YMR023C;YPR165W;YDR092W;YDL017W;YPL153C;YLR060W;YOR142W;YGR244C;YDR172W;YGR092W;YJL005W;YKL154W;YPR054W;YFL022C;YLR229C;YDR292C;YKL188C;YOR005C;YDR390C;YHR064C;YNL161W;YGL130W;YFL037W;YHL007C;YJR035W;YPR066W;YPL147W;YPL003W;YML085C;YIL143C;YER171W;YOR061W;YIL035C;YLR212C;YDL100C;YLR398C;YDL084W;YGL246C;YDL126C;YGL120C;YGL245W;YGR264C;YMR080C;YDL102W;YBR179C;YOR211C;YKL139W;YKR059W;YER070W;YOR317W;YMR246W;YBR041W;YMR190C;YNL250W;YHR102W;YCR092C;YDR009W;YPL209C;YDR097C;YKL166C;YGL249W;YNL102W;YJL164C;YIR008C;YPL203W;YBL075C;YIL033C;YDL159W;YMR186W;YDR173C;YLR362W;YKR054C;YBL016W;YBR127C;YKL080W;YDL185W;YJL074C;YFL008W;YOR250C;YBR118W;YPR080W;YLR086W;YGR262C;YFR031C;YNR038W;YFL005W;YGR188C;YNL261W;YDL192W;YPR088C;YLR274W;YBR202W;YPR019W;YBL023C;YEL032W;YGL201C
prerank,GO:0035267,0.6415028370780952,2.6905926162712954,0.0,0.0,0.0,10/17,8.24%,YJL081C;YFL039C;YHR099W;YPR034W;YJR082C;YDR190C;YPL235W;YPR023C;YNL107W;YGR002C
prerank,GO:0008033,0.4574238484707499,2.6890408517013147,0.0,0.0,0.0,40/44,48.62%,YOL124C;YMR023C;YJL125C;YNL062C;YCL017C;YKL186C;YPL169C;YGL236C;YGL130W;YDL201W;YDR165W;YNL282W;YBR257W;YNL221C;YBR167C;YHR062C;YAL033W;YBL018C;YGR030C;YAR008W;YPL083C;YLR105C;YMR059W;YJR022W;YBL026W;YNL147W;YER146W;YLR438C-A;YDR378C;YER112W;YKR095W-A;YKR038C;YJL184W;YML036W;YGR262C;YHR187W;YMR312W;YPL101W;YPL086C;YGR200C
prerank,GO:0005768,0.438109587558171,2.656410378010614,0.0,0.0,0.0,43/51,45.61%,YBR097W;YLR240W;YPL120W;YLR148W;YPL045W;YMR231W;YNR006W;YHL002W;YPR165W;YBR131W;YDR141C;YNL297C;YGL124C;YIR006C;YNL084C;YDL113C;YJL036W;YDR425W;YPL002C;YJR102C;YLR417W;YBL007C;YKR020W;YPL065W;YDR484W;YDR027C;YJL029C;YKL041W;YLR119W;YCL008C;YKL002W;YLR025W;YMR077C;YGR206W;YJL053W;YLR170C;YHR012W;YJL154C;YOR069W;YOR132W;YHL019C;YAL030W;YFL005W
prerank,GO:0004842,0.534900900510378,2.6395633354809345,0.0,0.0,0.0,15/26,16.66%,YDR328C;YLR207W;YER125W;YPL046C;YDL132W;YOL013C;YNL230C;YBR114W;YJR052W;YER116C;YDL013W;YGL058W;YGL087C;YDR092W;YDL074C
prerank,GO:0046872,0.30545509169309315,2.63070598533447,0.0,0.0,0.0,111/209,34.79%,YER133W;YDL047W;YDL134C;YDL042C;YOR210W;YHR143W-A;YOL068C;Q0045;YPR181C;YPL167C;YAL021C;YOL115W;YDR207C;YOL013C;YDR448W;YLR148W;YMR231W;YBR114W;YPL237W;YER116C;YOR136W;YPL231W;YMR205C;YNL118C;YGR240C;YPR024W;YPL111W;YNL037C;YAL051W;YOR363C;YCR066W;YDR052C;YNR006W;YJR109C;YOL096C;YDR204W;YMR089C;YER017C;YKL025C;YGL094C;YJR135W-A;YGR181W;YMR108W;YMR058W;YJR137C;YGR063C;YDL017W;YCL017C;YLR060W;YGR244C;YDL074C;YHR024C;YJL005W;YIL106W;YER090W;YMR038C;YLR163C;YFL022C;YJR104C;YFL041W;YOR005C;YDR390C;YKL028W;YFL037W;YPR176C;YBR228W;YEL020W-A;YBR098W;YHR005C-A;YDR386W;YML085C;YLR005W;YPR056W;YER171W;YIR006C;YNL084C;YDL100C;YMR224C;YDR075W;YHL022C;YFR044C;YNL072W;YLR318W;YLR417W;YMR201C;YBR281C;YGL246C;YJL025W;YMR080C;YMR127C;YDL102W;YOR211C;YJL210W;YML057W;YLR433C;YKL190W;YDR265W;YMR026C;YAR007C;YJL026W;YNL250W;YGL155W;YPL096W;YPL248C;YJR089W;YDL090C;YDL043C;YDL030W;YLL041C;YIL072W;YKL045W
prerank,GO:0015031,0.31128616813900967,2.6064901302610735,0.0,0.0,0.0,159/189,59.19%,YGR009C;YDR086C;YJL061W;YJL041W;YPR181C;YAL042W;YLR208W;YJL104W;YLR008C;YBR097W;YLR240W;YPL120W;YKR007W;YBR077C;YLR148W;YPL045W;YMR231W;YLR396C;YMR192W;YPL249C;YNL246W;YJR135W-A;YGR181W;YHL002W;YBR131W;YDR141C;YNL297C;YGL124C;YAR033W;YLR386W;YNL015W;YLR043C;YGL051W;YEL020W-A;YHR005C-A;YMR153W;YMR159C;YBL079W;YDL088C;YDL113C;YJL036W;YDR425W;YPL002C;YJR102C;YLR417W;YDL126C;YBR170C;YLR191W;YNL214W;YJL210W;YPL037C;YGL153W;YDR252W;YDR265W;YMR026C;YHR193C;YBR217W;YPL149W;YJR058C;YBL037W;YOL062C;YJR005W;YKR020W;YGR261C;YPL065W;YOR254C;YDR484W;YDR027C;YNL064C;YBR288C;YLR292C;YJL029C;YPL195W;YKL041W;YLR119W;YJL054W;YDR424C;YCL008C;YKL002W;YLR025W;YDL217C;YMR077C;YJL024C;YOR297C;YBR091C;YBR171W;YGR206W;YPL094C;YJL053W;YLR170C;YHR012W;YKL135C;YPR029C;YPL259C;YJL154C;YOR069W;YOR132W;YHL019C;YER019C-A;YBR283C;YFL005W;YER087C-B;YLR378C;YHR098C;YML067C;YIL115C;YDL207W;YDL192W;YGL145W;YGL098W;YOR075W;YLR440C;YGR200C;YDR498C;YNL258C;YMR237W;YKR027W;YOR299W;YLR330W;YJL099W;YDR200C;YLR384C;YNL026W;YMR060C;YHR083W;YOR045W;YPR133W-A;YNL131W;YGR082W;YMR203W;YNL070W;YGR119C;YGL172W;YFR002W;YGL223C;YPR055W;YGR120C;YNL041C;YGL005C;YPR105C;YNL051W;YER157W;YML071C;YER008C;YIL068C;YJL085W;YBR102C;YLR166C;YGL137W;YDR238C;YNL287W;YPL010W;YFR051C;YER122C;YBR105C;YIL076W;YDL145C;YDR166C;YGL233W
prerank,GO:0016020,0.2836086177894831,2.5934651184001494,0.0,0.0,0.0,299/355,64.41%,YLR207W;YDR477W;YJR086W;YBR036C;YDR086C;YPL050C;YAL010C;YJL061W;YJL041W;Q0045;YNL006W;YPR181C;YAL042W;YLR208W;YJL104W;YLR008C;YDR057W;YOL013C;YBR097W;YLR240W;YPL120W;YGR163W;YKR007W;YBR077C;YLR148W;YPL045W;YMR231W;YDL099W;YDR517W;YOR106W;YMR205C;YHR004C;YLR039C;YLR342W;YGR240C;YCL044C;YPR024W;YKL119C;YNR006W;YOL096C;YDR204W;YMR089C;YER017C;Q0115;YJR135W-A;YGR181W;YBR070C;YGR132C;YER145C;YGR231C;YMR058W;YHL002W;YPR165W;YDL095W;YBR131W;YDR141C;YNL297C;YOL110W;YGL124C;YAR033W;YAL023C;YGR032W;YKL154W;YNL325C;YLR386W;YLR246W;YLR229C;YFL041W;YBR207W;YDR292C;YKL188C;YLR043C;YGL051W;YLL010C;YDL093W;YOR321W;YGR167W;YAL009W;YHR195W;YAR042W;YMR296C;YDR062W;YLR067C;YPL147W;YEL020W-A;YGL206C;YHR005C-A;YMR153W;YIR006C;YNL084C;YMR159C;YBL079W;YDL088C;YDL113C;YJL036W;YDR425W;YMR150C;YPL002C;YJR102C;YLR417W;YMR035W;YBR170C;YGL075C;YLR191W;YNL214W;YBR179C;YOR211C;YJL210W;YGL153W;YEL059C-A;YOR317W;YBR041W;YBL007C;YGL020C;YER083C;YDR470C;YDR265W;YMR026C;YBR217W;YPL149W;YPL057C;YBR161W;YPL019C;YLL041C;YJR058C;YBL037W;YOL062C;YJR005W;YKR020W;YAR008W;YGR261C;YHR129C;YPL065W;YIR022W;YOR254C;YPL083C;YLR105C;YFL004W;YKL148C;YDR484W;YDR027C;YJL012C;YMR059W;YBR288C;YER072W;YJL029C;YJR010C-A;YML055W;YPL195W;YLR066W;YKL041W;YLR119W;YJL054W;YDR178W;YKL141W;YCL008C;YKL002W;YLR025W;YDL217C;YMR077C;YJL024C;YOR297C;YBR091C;YBR171W;YGR206W;YPL094C;YML115C;YLR447C;YBR127C;YKL080W;YEL027W;YHR039C-A;YPL234C;YHR026W;YEL051W;YGR020C;YPR036W;YDL185W;YOR332W;YDR434W;YLR170C;YLR459W;YKL135C;YPR029C;YPL259C;YLR088W;YDR331W;YJL154C;YHR188C;YOR069W;YOR132W;YHL019C;YER019C-A;YBR283C;YAL030W;YFL005W;YPL232W;YER087C-B;YLR378C;YPR032W;YHR098C;YML067C;YLL006W;YOL009C;YIL115C;YDL207W;YGL145W;YGL098W;YOR075W;YLR440C;YPL076W;YPL175W;YPL210C;YDR498C;YNL258C;YMR237W;YKR027W;YOR299W;YLR330W;YJL099W;YDR437W;YNL038W;YDR200C;YPL096C-A;YGR216C;YLR238W;YLR203C;YML129C;YNL026W;YMR060C;YHR083W;YOR045W;YPR133W-A;YNL131W;YGR082W;YMR203W;YNL070W;YNL121C;YJR075W;YEL036C;YDR245W;YJL183W;YGR119C;YGL172W;YFR002W;YHR186C;YJR066W;YPL180W;YGL223C;YPR055W;YGR120C;YNL041C;YGL005C;YPR105C;YNL051W;YER157W;YML071C;YGL137W;YDR238C;YNL287W;YPL010W;YFR051C;YBR105C;YIL076W;YDL145C;YGL233W;YDL232W;YML019W;YOR103C;YOR085W;YMR149W;YEL002C;YJL002C;YGL022W;YGL226C-A;YOR065W;Q0105;YBL045C;YPR191W;YDR529C;YEL024W;YHR001W-A;YJL166W;YFR033C;YGR183C;YJR033C;YDR202C;YGL100W;YKL057C;YJR042W;YGL092W;YDL116W;YER093C;YOL078W;YKL203C;YNL047C;YMR068W;YJL058C;YIL105C
prerank,GO:0007131,0.5147413444705385,2.5766375889565474,0.0,5.553043894238622e-05,0.001,25/27,44.38%,YMR167W;YDR076W;YGL183C;YHR079C-A;YPL121C;YGL033W;YBR098W;YDR386W;YGL213C;YJL173C;YMR224C;YHL022C;YOR368W;YHR157W;YLR329W;YLR234W;YAR007C;YNL312W;YGL249W;YLR263W;YDR285W;YPL164C;YLR035C;YJL074C;YPR007C
prerank,GO:0046695,0.6455990960467057,2.5760325592153914,0.0,5.24454145566981e-05,0.001,10/16,6.70%,YHR099W;YGL112C;YDR145W;YDR167W;YBR198C;YMR236W;YPL254W;YGR252W;YDR176W;YDR448W
prerank,GO:0010008,0.49304454326100994,2.5652630654959667,0.0,4.968512958002978e-05,0.001,27/32,39.89%,YER125W;YNL006W;YBR097W;YLR240W;YPL120W;YNR006W;YHL002W;YPR165W;YLR386W;YIR006C;YNL084C;YDL113C;YJL036W;YDR425W;YPL002C;YJR102C;YLR417W;YBL007C;YKR020W;YDR484W;YDR027C;YJL029C;YPL195W;YKL041W;YKL002W;YLR025W;YMR077C
prerank,GO:0006260,0.4012475753937053,2.5478875551743303,0.0,4.720087310102829e-05,0.001,50/57,53.29%,YOL094C;YNL290W;YJR068W;YBR087W;YDR121W;YPL167C;YAL021C;YGL207W;YLR135W;YDR052C;YKL108W;YML069W;YJL090C;YJL173C;YNL072W;YCL061C;YNL273W;YDL102W;YJR043C;YBR195C;YPR018W;YML102W;YMR190C;YJR006W;YAR007C;YNL312W;YLR002C;YKL045W;YOL146W;YBL035C;YDR489W;YNL102W;YIR008C;YDR013W;YJL072C;YNL261W;YPR162C;YLL004W;YLR274W;YBR202W;YPR019W;YBL023C;YEL032W;YGL201C;YML065W;YBR060C;YHR118C;YBR278W;YPR175W;YNL262W
prerank,GO:0051603,-0.4587454110561281,-2.5306144155381114,0.0,0.00039500214557983626,0.011,17/20,35.10%,YJL034W;YJR090C;YOL133W;YFR050C;YML092C;YBL041W;YER094C;YER012W;YGL011C;YOL038W;YOR157C;YGR135W;YMR314W;YPR103W;YGR253C;YJL001W;YOR362C
prerank,GO:0016301,0.4613875232929071,2.520415283909963,0.0,8.990642495433961e-05,0.002,28/36,39.77%,YBR160W;YPL031C;YDR477W;YBR097W;YLR240W;YPR161C;YMR205C;YGR240C;YER069W;YDL017W;YPL153C;YGR092W;YPR054W;YNL161W;YHL007C;YOR061W;YIL035C;YKL139W;YHR102W;YDR009W;YPL209C;YKL166C;YJL164C;YPL203W;YDL159W;YDR173C;YLR362W;YBL016W
prerank,GO:0005685,0.6024169798159261,2.506884672778789,0.0,8.581976927459689e-05,0.002,7/17,1.11%,YGR074W;YLR147C;YLR275W;YOR159C;YER029C;YPR182W;YFL017W-A
prerank,GO:0051321,0.3932148583141797,2.4887083392623026,0.0,0.00020522118739577517,0.004,42/58,40.57%,YER133W;YCR086W;YDR439W;YDR207C;YGL116W;YPL139C;YOL004W;YNL330C;YDR004W;YDR052C;YGL183C;YDL017W;YHR079C-A;YPL121C;YGL033W;YBR098W;YDR386W;YGL213C;YPL194W;YMR224C;YDR369C;YHL022C;YMR048W;YNL273W;YHR157W;YLR329W;YLR381W;YPR046W;YJR135C;YPL024W;YAR007C;YHR172W;YNL126W;YNL250W;YIL072W;YGL249W;YLR263W;YBR211C;YPL018W;YGR179C;YDR285W;YDR318W
prerank,GO:0007165,0.5858801392393714,2.478023557531933,0.0,0.00023600436550514142,0.005,11/18,19.18%,YBR160W;YJR086W;YOR212W;YNL006W;YBR077C;YPR165W;YDL017W;YJL005W;YIL106W;YLR229C;YFL034C-B
prerank,GO:0000124,0.5682034560306541,2.4778965759990164,0.0,0.00022656419088493577,0.005,10/20,6.70%,YHR099W;YGL112C;YDR145W;YDR167W;YBR198C;YMR236W;YPL254W;YGR252W;YDR176W;YDR448W
prerank,GO:0006366,0.39562359553272286,2.4749587129306097,0.0,0.00021785018354320747,0.005,24/53,22.13%,YPL129W;YOR210W;YPR187W;YHR143W-A;YBR154C;YOR224C;YGL112C;YDR145W;YDR167W;YBR198C;YMR236W;YPL254W;YGL058W;YER159C;YOR194C;YDL074C;YKR062W;YKL028W;YPL122C;YDR311W;YLR005W;YIL143C;YPR056W;YER171W
prerank,GO:0010468,0.5957761049246677,2.4339253836284,0.0,0.0004545269261580501,0.011,9/16,15.98%,YBR160W;YPL129W;YJL081C;YGL112C;YGR252W;YGL207W;YLL002W;YDR180W;YJL115W
prerank,GO:0005686,0.5713308818311763,2.429913041901449,0.0,0.0004382938216524055,0.011,7/18,1.11%,YGR074W;YLR147C;YLR275W;YOR159C;YER029C;YPR182W;YFL017W-A
prerank,GO:0005783,0.3111712253439208,2.4140914867845624,0.0,0.0004882848941485685,0.013,110/123,62.94%,YBR160W;YLR207W;YBR036C;YDR086C;YPL050C;YPR181C;YAL042W;YLR208W;YDR057W;YOL013C;YHR004C;YBR229C;YKL119C;YDR221W;YBR070C;YGL047W;YMR058W;YPR165W;YDL095W;YOL110W;YAR033W;YAL023C;YKL154W;YLR246W;YFL041W;YBR207W;YDR292C;YGL051W;YDL093W;YOR321W;YAL009W;YAR042W;YMR296C;YDR062W;YDL100C;YDL126C;YBR170C;YKR022C;YGL075C;YOR317W;YMR246W;YBR041W;YGL020C;YER083C;YPL019C;YIR022W;YOR254C;YFL004W;YJL012C;YLR292C;YER072W;YJR010C-A;YML055W;YLR066W;YMR077C;YBR171W;YPL094C;YML115C;YDR434W;YLR459W;YLR088W;YDR331W;YHR188C;YER019C-A;YBR283C;YFL005W;YER087C-B;YLR378C;YHR098C;YML067C;YLL006W;YOL009C;YGL145W;YGL098W;YOR075W;YLR440C;YPL076W;YFR008W;YPR088C;YMR052W;YPL175W;YMR029C;YPL210C;YDR498C;YNL258C;YDR437W;YDR200C;YPL096C-A;YNL127W;YGR216C;YLR238W;YEL036C;YDR245W;YJL183W;YNL287W;YDL232W;YML019W;YOR103C;YOR085W;YMR149W;YEL002C;YJL002C;YGL022W;YGL226C-A;YBR254C;YKR068C;YDR472W;YOR115C;YML077W;YDR246W
prerank,GO:0006893,-0.4596273291925466,-2.4004885193971295,0.0,0.0007060663352239572,0.021,17/17,54.58%,YGL233W;YDR166C;YLR166C;YBR102C;YJL085W;YIL068C;YER008C;YPR055W;YJL099W;YLR330W;YOR299W;YKR027W;YMR237W;YDL192W;YPR032W;YFL005W;YAL030W
prerank,GO:0005669,0.5923083405496713,2.39617639694934,0.0,0.0005664104772123396,0.016,7/16,5.78%,YPL129W;YER148W;YGL112C;YDR145W;YDR167W;YBR198C;YMR236W
prerank,GO:0000082,0.47279160890286065,2.394416654160553,0.0,0.0005481391714958125,0.016,8/29,6.88%,YBR160W;YPL031C;YDL047W;YDR328C;YDL134C;YLR182W;YDL132W;YNL330C
prerank,GO:0004672,0.4623702180912325,2.38066958905212,0.0,0.000649012005139139,0.019,24/31,39.77%,YBR160W;YPL031C;YDR477W;YBR097W;YLR240W;YPR161C;YKL025C;YDL017W;YPL153C;YGR092W;YPR054W;YNL161W;YHL007C;YOR061W;YIL035C;YKL139W;YHR102W;YPL209C;YKL166C;YJL164C;YPL203W;YDL159W;YLR362W;YBL016W
prerank,GO:0006289,0.4854725466893234,2.3691436731656164,0.0,0.000686558154196775,0.021,19/26,32.82%,YEL037C;YBR114W;YJR035W;YPL122C;YDR311W;YLR005W;YIL143C;YPR056W;YER171W;YJL173C;YLR288C;YPL022W;YML095C;YMR201C;YJR043C;YJR006W;YAR007C;YNL312W;YER162C
prerank,GO:0005847,-0.46885882304841087,-2.369006269204347,0.0,0.0008767120792137828,0.026,13/16,11.37%,YNL222W;YOR179C;YLR277C;YPR107C;YGR156W;YDR195W;YNL317W;YAL043C;YJR093C;YLR115W;YKR002W;YKL059C;YDR301W
prerank,GO:0000278,0.5062261755661824,2.3611546529249785,0.0,0.0007496609257222139,0.024,7/23,4.79%,YBR160W;YPL031C;YDR328C;YDL134C;YCR084C;YBR112C;YDR207C
prerank,GO:0006897,0.47405736916601626,2.328353652558167,0.00125,0.0009979613169931695,0.034,22/27,37.86%,YFL039C;YLR240W;YLR396C;YOR043W;YPL004C;YGR086C;YCR009C;YDR388W;YNL297C;YLR229C;YBR207W;YGR167W;YAR042W;YGL206C;YIR006C;YNL084C;YBL007C;YJR058C;YBL037W;YOL062C;YJR005W;YBR288C
prerank,GO:0106310,0.4633871513086414,2.3100568511310557,0.0012033694344163659,0.0012849126566391034,0.044,21/27,39.77%,YBR160W;YPL031C;YDR477W;YBR097W;YPR161C;YDL017W;YPL153C;YGR092W;YPR054W;YNL161W;YHL007C;YOR061W;YIL035C;YHR102W;YPL209C;YKL166C;YJL164C;YPL203W;YDL159W;YLR362W;YBL016W
prerank,GO:0042393,0.4523249284150012,2.309592990336393,0.0,0.0012501852875407493,0.044,18/29,31.10%,YBR160W;YPL129W;YJL081C;YCR084C;YPL139C;YNL107W;YGL207W;YML069W;YNL246W;YML010W;YJL115W;YPL001W;YOR213C;YBR195C;YPR018W;YML102W;YEL056W;YLL022C
prerank,GO:0004674,0.45207685203487225,2.2965566594832936,0.0,0.001391183628240834,0.05,22/29,39.77%,YBR160W;YPL031C;YDR477W;YBR097W;YPR161C;YDL017W;YPL153C;YGR092W;YPR054W;YNL161W;YHL007C;YOR061W;YIL035C;YKL139W;YHR102W;YPL209C;YKL166C;YJL164C;YPL203W;YDL159W;YLR362W;YBL016W
prerank,GO:0006417,0.5536933581626317,2.292848249638328,0.0,0.0014039234050562258,0.052,16/16,45.18%,YDL134C;YAL016W;YNL244C;YGL195W;YFR009W;YNL085W;YLR067C;YLR398C;YOL139C;YGR162W;YCL037C;YLR291C;YOR260W;YDR211W;YKR026C;YGR083C
prerank,GO:0005741,0.4577861163227019,2.2821922006395883,0.0,0.0015104279392329054,0.057,28/28,55.01%,YAL010C;YMR205C;YGR240C;YPL004C;YGR086C;YPR165W;YDL126C;YBR179C;YOR211C;YOR317W;YDR470C;YAR008W;YPL083C;YLR105C;YMR059W;YFL005W;YLL006W;YOL009C;YNL026W;YMR060C;YHR083W;YOR045W;YPR133W-A;YNL131W;YGR082W;YMR203W;YNL070W;YNL121C
prerank,GO:0003677,0.27033123682908555,2.280405008277927,0.0,0.0014735882333979564,0.057,103/189,39.27%,YPL129W;YDR328C;YER148W;YNL103W;YIR017C;YML051W;YLR182W;YOL090W;YOL094C;YNL290W;YJR068W;YBR087W;YBR245C;YOR210W;YPR187W;YHR143W-A;YBR154C;YOR224C;YDR224C;YPL167C;YDR207C;YBR009C;YBR010W;YDR145W;YBR114W;YPR110C;YNL113W;YMR106C;YMR284W;YDR004W;YKL054C;YAL051W;YOR363C;YCR066W;YDR052C;YDR076W;YPL075W;YML069W;YGL183C;YML010W;YGR285C;YGL033W;YDR123C;YBL103C;YOL067C;YOR005C;YOL108C;YKR062W;YJR035W;YBR098W;YDR386W;YIL143C;YER171W;YPL194W;YJL173C;YLR398C;YDR369C;YHR084W;YHL022C;YPR179C;YDR295C;YLR318W;YLR288C;YOR368W;YLR233C;YPL022W;YML095C;YMR201C;YMR048W;YNL273W;YDR289C;YJL025W;YDL102W;YPL024W;YMR190C;YLR234W;YJR006W;YAR007C;YNL312W;YNL250W;YCR092C;YDL056W;YPL248C;YER111C;YER162C;YDR097C;YFR013W;YOR358W;YIL072W;YGL237C;YKL045W;YBL035C;YGL249W;YNL102W;YKL109W;YBL021C;YBR215W;YBL008W;YJR140C;YMR043W;YOR038C;YML099C;YMR042W
prerank,GO:0042147,0.5555555555555551,2.2666229910581386,0.0012903225806451613,0.0017082220741324525,0.067,16/16,44.99%,YPL120W;YLR039C;YDR137W;YDR141C;YNL297C;YDL113C;YDR425W;YKR020W;YDR484W;YDR027C;YJL029C;YJL053W;YHR012W;YJL154C;YOR069W;YOR132W
prerank,GO:0005774,0.36979417601810544,2.265029742496694,0.0,0.001668495979385186,0.067,36/50,41.79%,YDR477W;YNL006W;YLR208W;YPL120W;YGR163W;YKR007W;YBR077C;YLR148W;YMR231W;YOR106W;YNR006W;YHL002W;YBR131W;YGL124C;YNL325C;YLR386W;YBR207W;YAR042W;YBR161W;YPL019C;YFL004W;YJL012C;YER072W;YMR077C;YLR447C;YBR127C;YKL080W;YEL027W;YHR039C-A;YPL234C;YHR026W;YEL051W;YGR020C;YPR036W;YDL185W;YOR332W
prerank,GO:0000329,0.35829518857306736,2.2543320973224255,0.0,0.0017378503278105868,0.072,41/55,45.67%,YBR097W;YLR240W;YPL120W;YGR163W;YKR007W;YBR077C;YLR148W;YPL045W;YMR231W;YLR396C;YOR106W;YGL212W;YGL087C;YPR165W;YDR092W;YGL124C;YNL325C;YLR386W;YLR229C;YFL041W;YBR207W;YBR041W;YPL057C;YPL019C;YFL004W;YJL012C;YER072W;YLR447C;YBR127C;YKL080W;YHR039C-A;YPL234C;YEL051W;YGR020C;YPR036W;YDL185W;YOR332W;YJL053W;YPR080W;YJL154C;YPL232W
prerank,GO:0006352,-0.45640650499978935,-2.2524739653053962,0.004048582995951417,0.0017422416063967775,0.052,10/15,5.22%,YMR005W;YOR340C;YOR341W;YPR010C;YJL011C;YOR207C;YOR116C;YKL144C;YJL140W;YDR404C
prerank,GO:0000794,0.5614143920595535,2.2486488404927902,0.0,0.001741187763282377,0.074,15/15,44.38%,YGL183C;YHR079C-A;YPL121C;YGL033W;YPL194W;YJL173C;YHL022C;YHR157W;YLR329W;YAR007C;YNL312W;YNL250W;YIL072W;YDL003W;YPR007C
prerank,GO:0005856,0.34423180329630554,2.2356523621207622,0.0,0.0019496012802598642,0.085,59/62,63.06%,YDR477W;YER125W;YBR156C;YFL039C;YGR098C;YNL138W;YCR009C;YDR388W;YGR092W;YIL106W;YJR053W;YFL037W;YMR055C;YML085C;YLR212C;YIR006C;YNL084C;YPL255W;YGL075C;YBL007C;YHR172W;YNL126W;YPL209C;YAL034W-A;YMR294W;YPL174C;YHR129C;YDR106W;YMR299C;YDR484W;YDR424C;YKR054C;YDR488C;YBR118W;YPR080W;YBR234C;YNR035C;YNL225C;YAL047C;YDR356W;YOR373W;YPL124W;YIL062C;YLR370C;YKL013C;YJR065C;YKL042W;YBR109C;YDL029W;YKR083C;YBR233W-A;YGR113W;YDR320C-A;YDR016C;YKL052C;YGL061C;YDR201W;YKR037C;YKL138C-A
prerank,GO:0005829,0.2522590063606411,2.2244552921472005,0.0,0.0021893170927710995,0.096,180/284,48.13%,YFL018C;YDL134C;YGR074W;YLR147C;YLR275W;YGL115W;YER125W;YEL037C;YOL094C;YNL290W;YGR009C;YDL042C;YJL061W;YNL006W;YOL115W;YMR028W;YAL016W;YGL112C;YLR240W;YPL120W;YKR007W;YGR252W;YLR148W;YPL045W;YMR231W;YLR396C;YPL237W;YJR007W;YER025W;YKL182W;YGL195W;YPL249C;YDR517W;YPL231W;YMR095C;YLR039C;YNL085W;YJL088W;YPL111W;YJL071W;YFR030W;YOL096C;YER069W;YNL246W;YGL047W;YMR023C;YPR165W;YDR180W;YCR009C;YPL153C;YCL017C;YGR285C;YBR131W;YBR143C;YDR172W;YJL115W;YDR388W;YDR137W;YDR141C;YNL297C;YJL005W;YGL124C;YNL325C;YER151C;YMR038C;YJR104C;YJL031C;YNL015W;YLR043C;YLL010C;YIL104C;YPR180W;YHR064C;YKL211C;YNR051C;YAR042W;YPR176C;YMR296C;YDR062W;YGL206C;YDR165W;YPR144C;YDR311W;YIL143C;YOR061W;YIL035C;YNL282W;YHR062C;YBL018C;YGR030C;YDL100C;YMR159C;YGR048W;YFR044C;YPR179C;YDR295C;YDL113C;YJL036W;YDR425W;YIL009C-A;YJR102C;YNL273W;YGL246C;YDL126C;YHR197W;YGL245W;YGR264C;YHR085W;YJL006C;YPL037C;YOR317W;YMR246W;YBR041W;YML102W;YJR006W;YDR252W;YBR217W;YAR007C;YPL149W;YPL096W;YER162C;YDR009W;YDR074W;YOL062C;YKR020W;YKL166C;YGR261C;YPL065W;YJL164C;YDR484W;YDR027C;YBR126C;YPL203W;YBL075C;YNL064C;YIL033C;YMR043W;YOR038C;YJL029C;YMR186W;YKL041W;YDR173C;YCL008C;YLR025W;YMR077C;YCL037C;YGR206W;YAL003W;YIL026C;YJL053W;YML036W;YDR228C;YMR061W;YLR291C;YLR170C;YOR260W;YBR118W;YPR080W;YHR012W;YKL135C;YPR029C;YPL259C;YJL154C;YDR211W;YKR026C;YGR262C;YOR069W;YOR132W;YHL019C;YGR083C;YAL030W;YPR032W;YHR187W;YNL032W;YDL192W;YGL145W;YFR008W;YPR088C;YPL175W;YMR029C
prerank,GO:0006325,0.2870377537626932,2.2054516157938626,0.0010141987829614604,0.002635382081474079,0.117,32/121,8.97%,YER125W;YBR245C;YJL081C;YDL042C;YOL068C;YDR224C;YDR207C;YBR009C;YBR010W;YHR099W;YGL112C;YDR145W;YDR167W;YBR198C;YMR236W;YMR033W;YPR034W;YPL254W;YGR252W;YDR176W;YDR448W;YPL139C;YOL004W;YNL330C;YJR082C;YDR190C;YPL235W;YPR023C;YNL107W;YGR002C;YMR106C;YMR284W
prerank,GO:0071013,0.5274547595317969,2.20483490646443,0.0013280212483399733,0.00260086443617911,0.118,6/17,1.11%,YGR074W;YLR147C;YLR275W;YER029C;YPR182W;YFL017W-A
prerank,GO:0010494,0.3928336372823454,2.2039118536052618,0.0,0.0025866078459363504,0.12,28/38,43.70%,YBR160W;YDL134C;YMR146C;YOR361C;YMR309C;YJR007W;YGR178C;YNL085W;YOR303W;YJR137C;YBR143C;YDR172W;YNR051C;YNL161W;YOL139C;YGL105W;YGL245W;YGR264C;YGR162W;YKR059W;YMR246W;YKL166C;YBL016W;YCL037C;YBR127C;YOL123W;YPL048W;YKL081W
prerank,GO:0031261,0.5059042883778747,2.202714729036867,0.0,0.0025914204839780236,0.121,18/18,49.97%,YKL108W;YJL090C;YOL146W;YDR489W;YDR013W;YJL072C;YNL261W;YPR162C;YLL004W;YLR274W;YBR202W;YPR019W;YBL023C;YEL032W;YGL201C;YML065W;YBR060C;YHR118C
prerank,GO:0004518,0.47301995335350966,2.201903216835382,0.003708281829419036,0.002541585474670754,0.121,15/22,28.33%,YAL021C;YMR287C;YNL085W;YGL094C;YBR228W;YBR098W;YDR386W;YMR224C;YNL072W;YOR368W;YPL022W;YML095C;YGL246C;YOR048C;YDL102W
prerank,GO:0016251,0.5144891090707477,2.19609736918322,0.0,0.0026183125833400597,0.127,10/18,22.07%,YPL129W;YER148W;YGL112C;YDR167W;YBR198C;YMR236W;YDR397C;YER159C;YKL058W;YPR056W
prerank,GO:0000727,0.5201988812927284,2.190590524950714,0.0,0.002727161556948301,0.135,18/18,48.56%,YMR284W;YLR135W;YKL108W;YDL017W;YJL090C;YDR386W;YMR224C;YJR043C;YOL146W;YDR489W;YDR013W;YJL072C;YLR274W;YBR202W;YPR019W;YBL023C;YEL032W;YGL201C
prerank,GO:0005666,0.520556427024048,2.189608868844841,0.0013020833333333333,0.0026634778392723105,0.137,7/17,8.36%,YOR210W;YPR187W;YHR143W-A;YBR154C;YOR224C;YPR110C;YNL113W
prerank,GO:0042797,0.520556427024048,2.189608868844841,0.0013020833333333333,0.0026634778392723105,0.137,7/17,8.36%,YOR210W;YPR187W;YHR143W-A;YBR154C;YOR224C;YPR110C;YNL113W
prerank,GO:0071011,0.5369924968139305,2.1875779633493773,0.0,0.0026829969973216077,0.14,7/16,8.05%,YGR074W;YLR147C;YLR275W;YOR159C;YFL017W-A;YEL026W;YIR005W
prerank,GO:0005694,0.29535966266604646,2.1849500252183174,0.0,0.002669290754678841,0.141,67/99,44.93%,YDR328C;YBR156C;YOR026W;YDR224C;YCR086W;YDR439W;YKL018W;YBR009C;YBR010W;YGR002C;YER116C;YDL013W;YMR106C;YMR284W;YGL207W;YKL054C;YML069W;YML010W;YGR063C;YDR180W;YIL106W;YGL213C;YMR224C;YDR369C;YHL022C;YLR318W;YLR233C;YIL009C-A;YLR381W;YPR046W;YJR135C;YMR190C;YNL250W;YPL209C;YOL069W;YIL072W;YGL249W;YJR112W;YAL034W-A;YIR010W;YIL144W;YPL233W;YBR215W;YER018C;YBR211C;YBL008W;YJR140C;YOR038C;YPL018W;YMR117C;YGR179C;YDR285W;YDR318W;YJL074C;YFL008W;YDL003W;YIL026C;YKR095W-A;YJL184W;YML036W;YLR272C;YDR325W;YBL097W;YPR007C;YLR086W;YGR262C;YFR031C
prerank,GO:0046961,-0.4149068322981367,-2.1731063961336834,0.00411522633744856,0.0024182398796253925,0.074,17/17,59.00%,YMR054W;YOR270C;YJR121W;YPL078C;YBR039W;YOR332W;YDL185W;YPR036W;YGR020C;YEL051W;YHR026W;YPL234C;YHR039C-A;YEL027W;YKL080W;YBR127C;YLR447C
prerank,GO:0005886,0.3242156688709552,2.171673717706634,0.0,0.00297605504975975,0.154,64/68,64.41%,YGL115W;YJR086W;YOR212W;YER125W;YGR009C;YNL006W;YMR192W;YPL249C;YLR342W;YPL004C;YGR086C;YER145C;YMR058W;YPR165W;YJL005W;YAR033W;YGR032W;YLR229C;YFL041W;YBR207W;YGL051W;YLL010C;YGR167W;YHR064C;YAR042W;YHL007C;YIR006C;YNL084C;YOR211C;YOR317W;YMR246W;YBR041W;YBL007C;YJR058C;YBL037W;YJR005W;YBL075C;YIL033C;YDR103W;YMR186W;YLR025W;YKL135C;YAL030W;YFL005W;YPL232W;YPR032W;YOL009C;YDL192W;YJR065C;YHR186C;YJR066W;YPL180W;YPR055W;YER008C;YJL085W;YDR212W;YGL233W;YER093C;YOL078W;YKL203C;YNL047C;YMR068W;YJL058C;YIL105C
prerank,GO:0005789,0.30218117585280196,2.17027924463467,0.0010615711252653928,0.0029421877566307634,0.155,75/86,61.09%,YLR207W;YBR036C;YDR086C;YPL050C;YPR181C;YAL042W;YLR208W;YDR057W;YOL013C;YHR004C;YKL119C;YBR070C;YDL095W;YOL110W;YJL005W;YAL023C;YKL154W;YLR246W;YDR292C;YDL093W;YOR321W;YAL009W;YAR042W;YMR296C;YDL126C;YBR170C;YGL020C;YER083C;YPL019C;YIR022W;YOR254C;YFL004W;YJL012C;YER072W;YJR010C-A;YML055W;YLR066W;YBR171W;YPL094C;YML115C;YDR434W;YLR459W;YLR088W;YDR331W;YHR188C;YER019C-A;YBR283C;YER087C-B;YLR378C;YHR098C;YML067C;YLL006W;YOL009C;YGL145W;YGL098W;YOR075W;YLR440C;YPL175W;YPL210C;YDR498C;YNL258C;YDR437W;YDR200C;YPL096C-A;YEL036C;YDR245W;YDL232W;YML019W;YOR103C;YOR085W;YMR149W;YEL002C;YJL002C;YGL022W;YGL226C-A
prerank,GO:0003690,0.4500915938190175,2.168545805060879,0.0012033694344163659,0.0029094308665551867,0.155,24/25,53.29%,YDR121W;YMR106C;YMR284W;YOL072W;YDR004W;YGL183C;YGL033W;YPL122C;YJL173C;YOR368W;YAR007C;YNL312W;YNL250W;YCR092C;YNL082W;YJL074C;YFL008W;YFR031C;YLR442C;YDR227W;YJR084W;YBR278W;YPR175W;YNL262W
prerank,GO:1904669,0.550263064445558,2.1611759591795336,0.002663115845539281,0.003014765443226968,0.159,14/15,40.38%,YNR006W;YHL002W;YPL002C;YJR102C;YLR417W;YMR275C;YPL065W;YKL041W;YLR119W;YCL008C;YKL002W;YLR025W;YMR077C;YGR206W
prerank,GO:0005654,0.3992999231702093,2.149817174024774,0.0,0.003251615702515282,0.172,21/33,33.62%,YOR206W;YEL037C;YOR224C;YOR039W;YOR026W;YPL235W;YIL104C;YNL124W;YGL019W;YOR061W;YIL035C;YML112W;YHR084W;YNL201C;YNL182C;YHR197W;YHR085W;YKL139W;YJL006C;YLR002C;YCR035C
prerank,GO:0006623,0.42628083893028273,2.149019449985568,0.0024154589371980675,0.0032303097528516233,0.174,22/28,41.30%,YBR097W;YPL045W;YLR396C;YNR006W;YHL002W;YBR131W;YNL297C;YGL124C;YJL036W;YPL002C;YJR102C;YLR417W;YKR020W;YGR261C;YPL065W;YBR288C;YPL195W;YLR119W;YCL008C;YJL024C;YGR206W;YEL027W
prerank,GO:0005759,0.4582232193065714,2.135113719700683,0.002457002457002457,0.003500126282260867,0.191,12/22,18.07%,YFL018C;YOR136W;YPL029W;YMR287C;YJL071W;YNL037C;YLR382C;YER069W;YIR021W;YHR024C;YLR163C;YER048W-A
prerank,GO:0006270,0.4411189428710158,2.1223708296053236,0.0,0.003776069848082263,0.203,22/24,49.97%,YDR052C;YKL108W;YDL017W;YJL090C;YPL153C;YLR381W;YLR002C;YKL045W;YBL035C;YLR442C;YNL261W;YPR162C;YLL004W;YLR274W;YBR202W;YPR019W;YBL023C;YEL032W;YGL201C;YML065W;YBR060C;YHR118C
prerank,GO:0046540,0.41772172662394597,2.1135673111578086,0.0024691358024691358,0.0040437762925358564,0.221,7/29,1.11%,YGR074W;YLR147C;YLR275W;YOR159C;YER029C;YPR182W;YFL017W-A
prerank,GO:0003688,0.4332422872039494,2.1016847211679366,0.0,0.004345256847241722,0.237,23/25,51.26%,YDR328C;YDL042C;YDL132W;YDR052C;YKL108W;YPL153C;YDL074C;YNL102W;YMR043W;YLR442C;YNL261W;YPR162C;YLL004W;YLR274W;YBR202W;YPR019W;YBL023C;YEL032W;YGL201C;YML065W;YBR060C;YHR118C;YDR310C
prerank,GO:0006310,0.3867133147057636,2.1003291257362684,0.0,0.0043506891727904335,0.241,36/37,60.05%,YOL090W;YDR138W;YMR106C;YMR284W;YDR004W;YLR135W;YDR076W;YGL183C;YGL033W;YOR005C;YBR228W;YBR098W;YDR386W;YJL173C;YPL022W;YML095C;YMR080C;YHR077C;YGR072W;YMR190C;YLR234W;YAR007C;YNL312W;YCR092C;YML036W;YER038C;YEL019C;YDL105W;YML023C;YOL034W;YLR383W;YLR007W;YDR288W;YML062C;YHR167W;YNL139C
prerank,GO:0005935,0.3489323974368832,2.09757174645961,0.0011299435028248588,0.004369452252780904,0.244,17/45,20.22%,YBR160W;YER133W;YDR477W;YGR009C;YHR158C;YGR238C;YAL016W;YMR192W;YPL249C;YLR342W;YPR165W;YGR092W;YIL106W;YGR032W;YLR229C;YFL034C-B;YNL161W
prerank,GO:0006267,0.505276225946617,2.07965069144068,0.0026560424966799467,0.004999303742531447,0.281,16/16,49.97%,YNL182C;YHR197W;YHR085W;YLR002C;YNL261W;YPR162C;YLL004W;YLR274W;YBR202W;YPR019W;YBL023C;YEL032W;YGL201C;YML065W;YBR060C;YHR118C
prerank,GO:0003713,0.3951905039591783,2.0754863148522915,0.0036275695284159614,0.005126539272917239,0.292,10/30,6.88%,YNL103W;YLR182W;YBR112C;YGL112C;YMR236W;YPL254W;YDR176W;YDR448W;YOL004W;YNL330C
prerank,GO:0001228,0.5016975139252517,2.072248309297551,0.00398406374501992,0.0052244254062508025,0.302,14/17,38.29%,YNL103W;YIR017C;YLR182W;YAL051W;YOR363C;YPL075W;YDR123C;YOL108C;YDL056W;YPL248C;YER111C;YGL237C;YBL021C;YMR043W
prerank,GO:0000723,0.4242668045855432,2.068655620654606,0.0012106537530266344,0.005294151982953173,0.308,21/26,44.81%,YER133W;YKL018W;YER116C;YDL013W;YMR106C;YMR284W;YKL054C;YMR224C;YDR369C;YLR318W;YLR288C;YLR233C;YIL009C-A;YCL061C;YMR190C;YNL250W;YMR186W;YKR038C;YJL184W;YML036W;YGR262C
prerank,GO:0000070,0.5038313347371104,2.0653524659675258,0.0,0.005336845385289599,0.312,15/16,44.93%,YGR098C;YDR113C;YFL037W;YML085C;YLR212C;YMR190C;YAL034W-A;YPL233W;YKR054C;YFL008W;YLR272C;YDR325W;YBL097W;YLR086W;YFR031C
prerank,GO:0006811,-0.27518114297337776,-2.0635039714008854,0.0,0.004463973111126672,0.129,32/36,59.00%,YMR054W;YOR270C;YPL271W;YDR298C;YJR121W;YDR322C-A;Q0130;YDL004W;YML081C-A;YOL077W-A;YPL078C;YBR039W;YPR020W;Q0085;YLR295C;YDR377W;YKL016C;Q0080;YBL099W;YMR203W;YOR332W;YDL185W;YPR036W;YGR020C;YEL051W;YHR026W;YPL234C;YHR039C-A;YEL027W;YKL080W;YBR127C;YLR447C
prerank,GO:0071035,0.4900773824769411,2.0531169829468747,0.002617801047120419,0.005726211184098432,0.33,13/17,34.11%,YJL050W;YOL115W;YGL246C;YOR048C;YDR280W;YCR035C;YOL142W;YGR158C;YDL111C;YGR095C;YHR069C;YNL232W;YOL021C
prerank,GO:0007035,0.4337297838048142,2.0489666358367793,0.005063291139240506,0.0058602642447510445,0.338,18/23,41.79%,YDR328C;YKR007W;YMR205C;YHR060W;YKL119C;YGR092W;YLR447C;YBR127C;YKL080W;YEL027W;YHR039C-A;YPL234C;YHR026W;YEL051W;YGR020C;YPR036W;YDL185W;YOR332W
prerank,GO:0071028,0.5047311136461995,2.0446830970945467,0.00398406374501992,0.005990880047438206,0.348,12/16,34.11%,YJL050W;YDR159W;YOL072W;YOR048C;YDR280W;YCR035C;YGR158C;YGR195W;YDL111C;YGR095C;YHR069C;YOL021C
prerank,GO:0000086,0.5232329192721311,2.0423498039179884,0.005427408412483039,0.0060823403565628854,0.355,5/15,6.88%,YBR160W;YDR328C;YDL132W;YOL004W;YNL330C
prerank,GO:0000785,0.3098788625746723,2.0381250246485663,0.00546448087431694,0.006301316558987276,0.367,38/59,42.72%,YPL129W;YBR245C;YJL081C;YDL042C;YOL068C;YIL139C;YGR163W;YOL004W;YGL207W;YCR066W;YDR052C;YGL058W;YML069W;YNL246W;YML010W;YGR063C;YDR180W;YER147C;YDL017W;YJL115W;YDL074C;YGL090W;YDR181C;YOR213C;YDR289C;YMR127C;YPR018W;YER111C;YJL164C;YPL203W;YBL008W;YIL033C;YMR043W;YOR038C;YIL026C;YKR095W-A;YKR038C;YJL184W
prerank,GO:0071038,0.5108289887365409,2.017646049919425,0.005361930294906166,0.007190849062551717,0.407,12/15,34.11%,YJL050W;YOL115W;YDR280W;YCR035C;YOL142W;YGR158C;YGR195W;YDL111C;YGR095C;YHR069C;YNL232W;YOL021C
prerank,GO:0000956,0.49552709909460446,2.0130599979275763,0.002652519893899204,0.007437015615430311,0.422,14/16,41.00%,YGL213C;YPR189W;YLR398C;YGL246C;YOR048C;YMR080C;YCR035C;YOL142W;YGR195W;YHR069C;YNL232W;YNL147W;YER146W;YER112W
prerank,GO:0035091,0.47514680883675825,2.004075279857855,0.0012919896640826874,0.00798434046190888,0.443,11/17,25.26%,YER125W;YLR148W;YPL045W;YMR231W;YLR396C;YGL212W;YNR006W;YHL002W;YDL113C;YJL036W;YDR425W
prerank,GO:0005794,0.28437357552258563,1.9865590140120823,0.0010515247108307045,0.008979404192314668,0.488,72/82,63.12%,YER125W;YPL050C;YPR181C;YAL042W;YBR097W;YLR240W;YDL099W;YDR517W;YLR039C;YPR165W;YDR137W;YDR141C;YNL297C;YAR033W;YLR246W;YLR043C;YGL051W;YAR042W;YDL100C;YGL020C;YER083C;YKR020W;YGR261C;YDR484W;YDR027C;YBR288C;YJL029C;YPL195W;YJL024C;YML115C;YLR170C;YPR029C;YOR069W;YHL019C;YHR098C;YML067C;YDL192W;YMR237W;YKR027W;YOR299W;YLR330W;YJL099W;YJR075W;YEL036C;YDR245W;YJL183W;YGL223C;YGR120C;YNL041C;YGL005C;YPR105C;YNL051W;YER157W;YML071C;YGL137W;YDR238C;YNL287W;YPL010W;YFR051C;YER122C;YIL076W;YDL145C;YBR254C;YKR068C;YDR472W;YOR115C;YML077W;YMR218C;YGR166W;YDR108W;YDR246W;YDR407C
prerank,GO:0005773,0.3179827162302703,1.9827460767771443,0.005549389567147614,0.00910699198655134,0.497,36/54,41.79%,YNL006W;YLR208W;YPL120W;YGR163W;YKR007W;YBR077C;YLR148W;YPL045W;YMR231W;YLR396C;YOR106W;YGL212W;YBR131W;YGL124C;YNL325C;YLR386W;YBR207W;YAR042W;YBR161W;YPL019C;YFL004W;YJL012C;YER072W;YMR077C;YLR447C;YBR127C;YKL080W;YEL027W;YHR039C-A;YPL234C;YHR026W;YEL051W;YGR020C;YPR036W;YDL185W;YOR332W
prerank,GO:0046982,0.3957302342577226,1.9758125047106374,0.009768009768009768,0.009440174620205657,0.518,12/27,16.53%,YDR121W;YDR224C;YBR009C;YBR010W;YGL112C;YDR145W;YMR236W;YNR046W;YDR397C;YER159C;YOR173W;YLR270W
prerank,GO:0034399,0.44725675564708417,1.9647320616842296,0.0038363171355498722,0.009993564166907368,0.546,12/19,26.61%,YJL041W;YNL006W;YGL116W;YNL330C;YNL085W;YIL106W;YNL325C;YHR195W;YML085C;YDR075W;YCL061C;YBR281C
prerank,GO:0071944,0.42308225009605616,1.9584559010646756,0.005044136191677175,0.010330554726429601,0.565,20/23,48.00%,YJR086W;YFL039C;YLR208W;YOR043W;YLR342W;YPL004C;YGR086C;YJR137C;YPR165W;YGR032W;YLR229C;YNL084C;YBR041W;YJL012C;YBR171W;YPL234C;YAL030W;YPL232W;YHR098C;YMR052W
prerank,GO:0034727,0.4854073338702349,1.9545645400191163,0.002617801047120419,0.010575116962185438,0.579,11/15,31.78%,YPL120W;YLR396C;YOR106W;YGL212W;YHR195W;YAR042W;YMR159C;YJL036W;YDL126C;YBR217W;YPL149W
prerank,GO:0000139,0.33472180941726337,1.9509163125452376,0.003389830508474576,0.010793266315768468,0.595,39/44,58.51%,YPL050C;YNL006W;YPR181C;YAL042W;YDR517W;YLR039C;YDR137W;YDR141C;YNL297C;YLR043C;YAR042W;YGL020C;YER083C;YML115C;YPR029C;YOR069W;YHL019C;YHR098C;YML067C;YEL036C;YDR245W;YJL183W;YJR066W;YGL223C;YGR120C;YNL041C;YGL005C;YPR105C;YNL051W;YER157W;YML071C;YGL137W;YDR238C;YNL287W;YPL010W;YFR051C;YER122C;YIL076W;YDL145C
prerank,GO:0006367,0.38574488348898006,1.9508282321271972,0.007263922518159807,0.010685032811881129,0.596,12/28,22.00%,YPL129W;YER148W;YBR154C;YGL112C;YDR167W;YBR198C;YOR194C;YKL058W;YKR062W;YKL028W;YLR005W;YIL143C
prerank,GO:0043332,0.3264512603400065,1.9383038762791942,0.003386004514672686,0.011789957215887282,0.638,39/44,59.19%,YHR158C;YGR238C;YAL016W;YPL249C;YNL138W;YPL111W;YPR165W;YCR009C;YDR388W;YLR229C;YFL034C-B;YNL161W;YHL007C;YIR006C;YNL084C;YDL126C;YLR319C;YOR353C;YER149C;YLL021W;YBL007C;YKL189W;YHR102W;YDR103W;YDL159W;YBL016W;YFL005W;YPR032W;YHR098C;YLR330W;YBR109C;YPR055W;YER008C;YIL068C;YJL085W;YBR102C;YLR166C;YDR166C;YGL233W
prerank,GO:0045893,0.4524533334550452,1.9371736047384862,0.006329113924050633,0.011764690736363825,0.641,5/18,6.70%,YBR160W;YLR208W;YPL254W;YDR176W;YDR448W
prerank,GO:0003697,0.34896174724799767,1.9370941564525215,0.010514018691588784,0.011639534451934422,0.641,31/37,53.29%,YDR121W;YDR004W;YCR066W;YGL058W;YKL108W;YKR062W;YKL028W;YMR153W;YDL088C;YLR233C;YPL022W;YML095C;YPL024W;YAR007C;YNL312W;YER162C;YKL045W;YNL102W;YIR008C;YNL082W;YLR442C;YLR274W;YBR202W;YPR019W;YBL023C;YEL032W;YGL201C;YBR278W;YPR175W;YOR304W;YNL262W
prerank,GO:0006355,0.29045364477722757,1.930490673998034,0.002173913043478261,0.011934368125123152,0.652,18/67,14.26%,YBR160W;YPL031C;YPL129W;YIR017C;YJL081C;YDR207C;YHR099W;YPL139C;YOL004W;YNL330C;YPR023C;YNL107W;YPR161C;YLL002W;YAL051W;YOR363C;YER069W;YGR063C
prerank,GO:0036503,0.42513537814487967,1.9277464573631549,0.007575757575757576,0.012036222640762213,0.662,12/20,27.04%,YLR207W;YEL037C;YLR208W;YDR057W;YOL013C;YGL058W;YPR131C;YDL095W;YAL023C;YGR048W;YDL126C;YBR170C
prerank,GO:0005515,0.33135122629276875,1.9212622863869437,0.007990867579908675,0.012544726892211436,0.688,27/42,39.89%,YDR328C;YJR086W;YOR212W;YHR158C;YOL115W;YER025W;YNL107W;YGR002C;YMR192W;YDR159W;YGL207W;YDR092W;YKL186C;YLR229C;YHL007C;YLR212C;YNL214W;YGR162W;YMR026C;YDR009W;YOL062C;YKR020W;YDR484W;YPL195W;YLR119W;YLR025W;YMR077C
prerank,GO:0003714,0.4217765292550681,1.9019599222331964,0.00909090909090909,0.01406393361785741,0.732,12/21,24.22%,YDL042C;YOL068C;YCR084C;YBR112C;YPL139C;YOL004W;YNL330C;YGR002C;YDR397C;YER159C;YPL049C;YDR480W
prerank,GO:0005525,0.37937140785596785,1.8858414386924902,0.008663366336633664,0.015628733537896036,0.768,16/27,28.52%,YGR163W;YPL237W;YJR007W;YER025W;YMR023C;YPR165W;YDR172W;YKL154W;YLR229C;YDR292C;YGL130W;YFL037W;YML085C;YLR212C;YBR179C;YOR211C
prerank,GO:0000781,0.2830935868285565,1.876702922650478,0.005382131324004306,0.016643027855422574,0.792,33/65,31.47%,YDR328C;YDL042C;YOL068C;YDR138W;YKL018W;YDL132W;YDR448W;YNL107W;YMR106C;YMR284W;YKL054C;YGL058W;YJL115W;YPL055C;YDL074C;YPL001W;YJL173C;YMR224C;YDR369C;YLR318W;YDL084W;YDR181C;YLR288C;YLR233C;YIL009C-A;YOR213C;YCL061C;YMR127C;YGL075C;YEL056W;YLL022C;YAR007C;YNL312W
prerank,GO:0030479,0.45623836126629425,1.8752334119478435,0.011984021304926764,0.016739953212661716,0.796,16/16,54.82%,YER125W;YFL039C;YLR342W;YNL138W;YCR009C;YDR388W;YGL206C;YIR006C;YNL084C;YBL007C;YBR234C;YNR035C;YIL062C;YKL013C;YJR065C;YDL029W
prerank,GO:0006303,0.41811176630855545,1.870826627004153,0.00639386189258312,0.0170663549016267,0.807,12/20,31.90%,YBR160W;YDL042C;YOL004W;YMR106C;YMR284W;YNL246W;YOR005C;YGL090W;YMR224C;YDR369C;YDL102W;YNL250W
prerank,GO:0004386,0.3584044203270216,1.8649677185554039,0.006082725060827251,0.017633879581821055,0.816,26/31,53.23%,YBR245C;YJL050W;YBR114W;YDR190C;YPL235W;YMR106C;YMR284W;YPL029W;YJR035W;YIL143C;YER171W;YLR398C;YDL084W;YGL120C;YMR080C;YKR059W;YMR190C;YNR038W;YLR274W;YBR202W;YPR019W;YBL023C;YEL032W;YGL201C;YER172C;YOR304W
prerank,GO:0005816,0.3609295261465636,1.8610946696322401,0.015457788347205707,0.01799079432427655,0.826,26/30,54.64%,YER133W;YAL016W;YGR098C;YGR092W;YIL106W;YJR053W;YMR055C;YLR212C;YLR319C;YPL255W;YGL075C;YLR457C;YHR172W;YNL126W;YOL069W;YPL174C;YBR211C;YKR054C;YFR028C;YNL225C;YAL047C;YDR356W;YOR373W;YPL124W;YKL042W;YBR109C
prerank,GO:0006360,0.4091826595385071,1.8598299303890111,0.010282776349614395,0.01793633177839075,0.827,7/21,8.36%,YOR210W;YPR187W;YHR143W-A;YBR154C;YOR224C;YPR110C;YNL113W
prerank,GO:0005739,0.20448571988244432,1.858294496276794,0.0,0.017927425953277346,0.833,294/309,79.53%,YMR167W;YFL018C;YDR477W;YER125W;YOR206W;YEL037C;YAL010C;Q0045;YDL181W;YIL139C;YPL167C;YJL104W;YLR008C;YBR097W;YKL182W;YGL195W;YOR136W;YMR192W;YGR098C;YPL231W;YMR205C;YPL029W;YHR004C;YLR342W;Q0120;YMR287C;YGR240C;YGR178C;YCL044C;YPR024W;YJL088W;YJL071W;YNL037C;YLR382C;YBR229C;YOL096C;YDR204W;YPL004C;YMR089C;YER017C;YGR086C;YER069W;Q0115;YJR135W-A;YGR181W;YMR108W;YCL009C;YGR132C;YGR231C;YMR023C;YPR165W;YML010W;YIR021W;YCL017C;YGR285C;YOR142W;YGR244C;YDR141C;YLR270W;YGL236C;YHR024C;YJL005W;YPR054W;YMR038C;YJL209W;YLR163C;YER048W-A;YJR104C;YLR043C;YKL028W;YLR067C;YEL020W-A;YDL148C;YHR005C-A;YMR224C;YFR044C;YMR150C;YMR035W;YOR048C;YDL126C;YGL120C;YGL245W;YBR179C;YOR211C;YLR424W;YGR162W;YEL059C-A;YOR317W;YDL040C;YGL020C;YDR470C;YNL250W;YPL096W;YJR089W;YOL021C;YDR074W;YLL041C;YAR008W;YGL249W;YNL102W;YOR254C;YPL083C;YLR105C;YKL148C;YDR027C;YMR059W;YMR186W;YJL054W;YDR178W;YKL141W;YBL016W;YDL217C;YOR297C;YBR091C;YDL003W;YMR061W;YLR291C;YKL081W;YPR080W;YFR031C;YLR442C;YFL005W;YLL006W;YOL009C;YDL207W;YKR027W;YAL001C;YBR081C;YER164W;YLR203C;YML129C;YNL026W;YMR060C;YHR083W;YJL098W;YGR008C;YDL130W-A;YOR045W;YLR370C;YPR133W-A;YJL109C;YNL131W;YGR082W;YMR203W;YNL070W;YNL121C;YHR186C;YGL005C;YLL036C;YLR383W;YIL125W;YDR148C;YDL232W;YAL044C;YMR189W;YDR019C;YOR065W;Q0105;YBL045C;YPR191W;YDR529C;YEL024W;YHR001W-A;YJL166W;YFR033C;YGR183C;YDR155C;YPL082C;YKL203C;YIL105C;YNL071W;YER178W;YOR090C;YGR193C;YBR221C;YIL042C;YOL038W;YGL011C;YLR038C;Q0275;YGL187C;Q0250;YDL067C;YGL191W;YLR395C;YMR256C;YNL052W;YHR051W;YOR346W;YFR004W;YGL151W;YBL099W;Q0080;YKL016C;YDR377W;YLR295C;Q0085;YPR020W;YBR039W;YPL078C;YOL077W-A;YML081C-A;YDL004W;Q0130;YDR322C-A;YJR121W;YDR298C;YPL271W;YGL240W;YGR165W;Q0140;YDL045W-A;YDR337W;YMR158W;YBR251W;YHL004W;YDR347W;YFR049W;YBR146W;YGR215W;YER050C;YPR166C;YKL003C;YKL155C;YNR037C;YMR188C;YNL306W;YGL129C;YDR175C;YJR101W;YIL093C;YDR041W;YBL090W;YPL013C;YJR113C;YOR158W;YPL118W;YNL137C;YGR084C;YNL081C;YJL143W;YJR045C;YOR232W;YGR033C;YNR017W;YPL063W;YKR065C;YIL022W;YDR237W;YJL063C;YCR046C;YML025C;YPL183W-A;YLR312W-A;YJL096W;YPR100W;YKL138C;YMR193W;YNL284C;YDL202W;YKR006C;YNL252C;YNL005C;YDR116C;YKL167C;YGR220C;YEL050C;YDR115W;YKR085C;YGL068W;YDR405W;YCR071C;YNR022C;YBR282W;YDR462W;YMR024W;YKL170W;YMR225C;YPL173W;YLR439W;YML009C;YMR286W;YCR003W;YOR150W;YBL038W;YNL185C;YBR268W;YBR122C;YDR322W;YNL177C;YGR076C;YHR147C;YPL218W;YAR002C-A
prerank,GO:0006890,0.4200373366521468,1.8572440197317417,0.016414141414141416,0.01790986399908176,0.835,20/20,58.51%,YAL042W;YLR043C;YGL051W;YDL100C;YGL020C;YER083C;YML067C;YGL145W;YGL098W;YOR075W;YLR440C;YDR498C;YNL258C;YGL137W;YNL287W;YPL010W;YFR051C;YER122C;YIL076W;YDL145C
prerank,GO:0030117,0.41977611940298526,1.841909294393896,0.007741935483870968,0.01957962143450062,0.863,19/19,58.51%,YJR058C;YBL037W;YOL062C;YJR005W;YGR261C;YBR288C;YPL195W;YJL024C;YLR170C;YKL135C;YPR029C;YPL259C;YHL019C;YGL137W;YDR238C;YNL287W;YPL010W;YFR051C;YDL145C
prerank,GO:0006357,0.24412853134034201,1.8398075648379064,0.003089598352214212,0.019616509646574142,0.865,21/104,8.17%,YPL031C;YPL129W;YNL103W;YIR017C;YGL115W;YJL081C;YCR084C;YBR112C;YAL021C;YMR033W;YPR034W;YPL254W;YDR176W;YDR448W;YOL004W;YNL330C;YDR190C;YPL235W;YPR023C;YGL252C;YNL107W
prerank,GO:0016538,-0.33543091017676907,-1.8364025143556557,0.009523809523809525,0.014891580888359825,0.372,16/19,48.37%,YPR025C;YNL025C;YPL256C;YLR210W;YDL155W;YAL040C;YGR109C;YPR120C;YPR119W;YMR199W;YGR108W;YDL127W;YPL219W;YNL289W;YGL134W;YOL001W
prerank,GO:0000775,0.2929612792577327,1.835682636867755,0.006521739130434782,0.019867276587069178,0.872,50/55,64.97%,YDR328C;YBR156C;YOR026W;YCR086W;YDR439W;YGR252W;YER116C;YDL013W;YDR052C;YGR063C;YDR180W;YDL017W;YIL106W;YLR381W;YPR046W;YJR135C;YPR018W;YML102W;YPL209C;YOL069W;YJR112W;YAL034W-A;YIR010W;YIL144W;YPL233W;YER018C;YBR211C;YBL008W;YPL018W;YMR117C;YGR179C;YDR285W;YDR318W;YDL003W;YIL026C;YPR007C;YGR188C;YKR083C;YBR233W-A;YGR113W;YDR320C-A;YDR016C;YKL052C;YGL061C;YDR201W;YKR037C;YKL138C-A;YGR140W;YMR168C;YMR094W
prerank,GO:0005874,0.3753903810118668,1.821233315057006,0.009685230024213076,0.021346701168212794,0.89,26/26,63.06%,YFL037W;YML085C;YLR212C;YOR211C;YHR172W;YNL126W;YJR089W;YPL209C;YMR294W;YPL174C;YHR129C;YDR106W;YMR299C;YDR424C;YKR054C;YDR488C;YKR083C;YBR233W-A;YGR113W;YDR320C-A;YDR016C;YKL052C;YGL061C;YDR201W;YKR037C;YKL138C-A
prerank,GO:0006886,0.28565964098088975,1.802136213271307,0.013245033112582781,0.023946014371432383,0.914,46/55,59.19%,YDR086C;YPR181C;YLR148W;YPL045W;YMR231W;YLR396C;YOR106W;YLR039C;YGL212W;YNR006W;YHL002W;YGR167W;YGL206C;YPL002C;YJR058C;YBL037W;YOL062C;YJR005W;YGR261C;YBR288C;YPL195W;YJL024C;YJL053W;YLR170C;YHR012W;YKL135C;YPR029C;YPL259C;YJL154C;YOR132W;YHL019C;YER019C-A;YPL232W;YER087C-B;YHR098C;YDL192W;YNL131W;YGR082W;YNL121C;YER157W;YGL137W;YDR238C;YNL287W;YPL010W;YDL145C;YGL233W
prerank,GO:0016514,0.4582942291805595,1.7934953648835243,0.01335113484646195,0.025120889453945496,0.926,5/15,6.08%,YPL129W;YJL081C;YGR275W;YMR033W;YPR034W
prerank,GO:0007059,0.2977051995268604,1.7911340874095973,0.009977827050997782,0.02523176497172512,0.929,42/47,63.06%,YER133W;YBR156C;YGR275W;YGR098C;YDR052C;YER147C;YDR113C;YBL079W;YPR179C;YLR381W;YPR046W;YJR135C;YJR089W;YPL209C;YOL069W;YGL249W;YJR112W;YAL034W-A;YIR010W;YIL144W;YPL233W;YER018C;YPL018W;YMR117C;YJL074C;YFL008W;YDL003W;YIL026C;YPR007C;YFR028C;YOL034W;YKL193C;YKR083C;YBR233W-A;YGR113W;YDR320C-A;YDR016C;YKL052C;YGL061C;YDR201W;YKR037C;YKL138C-A
prerank,GO:0016491,0.33688833124215783,1.7855495435836644,0.01764705882352941,0.02612055273173426,0.939,33/33,66.99%,YFL018C;YJL050W;YKL182W;YOR136W;YPL231W;YNL037C;YFR030W;YER069W;Q0115;YMR058W;YJR137C;YJR104C;YFL041W;YER070W;YJL026W;YGR180C;YLL041C;YKL148C;YIL125W;YMR189W;Q0105;YEL024W;YER178W;YBR221C;YLR038C;YGL187C;Q0250;YDL067C;YGL191W;YLR395C;YMR256C;YNL052W;YHR051W
prerank,GO:0043130,0.39854425936195736,1.7818281116864196,0.015384615384615385,0.026554560160112987,0.943,13/21,30.06%,YER125W;YEL037C;YOR026W;YBR198C;YBR097W;YKL054C;YNR006W;YHL002W;YGR048W;YLR417W;YDL126C;YBR170C;YBL007C
prerank,GO:0042254,-0.15440068329848644,-1.780965794221917,0.03125,0.019395893398444677,0.469,33/71,24.15%,YNL248C;YJL148W;YOR340C;YOR341W;YJR063W;YDR156W;YPR010C;YER056C-A;YIL052C;YKR094C;YIL148W;YLR340W;YLL045C;YHL033C;YLR167W;YPL081W;YOR096W;YNL096C;YOL121C;YPL090C;YNL302C;YGL123W;YGR214W;YOL040C;YLR048W;YCR031C;YJL191W;YBR189W;YBR181C;YPL183W-A;YLR197W;YOR310C;YDL014W
prerank,GO:0006261,0.3809687436756622,1.7799545741590672,0.01394169835234474,0.02660192796822056,0.945,16/24,38.11%,YOL094C;YNL290W;YJR068W;YBR087W;YDR121W;YGL207W;YLR135W;YML069W;YBR228W;YNL182C;YDL102W;YKL045W;YOL146W;YDR489W;YDR013W;YJL072C
prerank,GO:0000049,0.46029776674937956,1.7762945774019252,0.018005540166204988,0.02701649973935128,0.947,15/15,54.39%,YER025W;YOL124C;YPL169C;YFL022C;YDL201W;YGL105W;YOL021C;YML036W;YHR187W;YMR312W;YPL101W;YPL086C;YLR384C;YGR128C;YHR196W
prerank,GO:0071004,0.3449227462177228,1.7691111613732726,0.016887816646562123,0.027836615749833322,0.95,6/30,1.11%,YGR074W;YLR147C;YLR275W;YOR159C;YER029C;YFL017W-A
prerank,GO:0016887,0.23770112116694528,1.763868468728587,0.011566771819137749,0.02856439503830562,0.956,71/93,58.94%,YMR167W;YOL090W;YOL094C;YNL290W;YJR068W;YBR245C;YFL039C;YJL050W;YDR190C;YPL235W;YMR106C;YMR284W;YPL029W;YFR009W;YPR024W;YMR089C;YER017C;YKL188C;YHR064C;YJR035W;YPL147W;YIL143C;YER171W;YDL100C;YLR398C;YDL084W;YDL126C;YGL120C;YMR080C;YKR059W;YMR190C;YNL250W;YDR097C;YFR013W;YBL075C;YMR186W;YHR039C-A;YNL082W;YPL164C;YLR035C;YLR095C;YMR044W;YJL074C;YFL008W;YLR086W;YGR262C;YFR031C;YNR038W;YHR187W;YMR312W;YPL101W;YLR274W;YBR202W;YPR019W;YBL023C;YEL032W;YGL201C;YML065W;YER164W;YER172C;YDL029W;YJL008C;YJL014W;YJR064W;YDR188W;YJL111W;YIL142W;YDL143W;YOL034W;YLR383W;YDR212W
prerank,GO:0000722,0.40004465791546984,1.7536907532774377,0.01893939393939394,0.03012273901538351,0.962,15/19,44.81%,YDR004W;YGL058W;YDL074C;YJL173C;YLR288C;YMR190C;YLR234W;YAR007C;YNL312W;YNL250W;YKR095W-A;YKR038C;YJL184W;YML036W;YGR262C
prerank,GO:0031410,0.3241646893182292,1.7455857795119798,0.011723329425556858,0.031361498144011096,0.969,31/35,58.51%,YPR181C;YLR208W;YAR033W;YGL051W;YGR167W;YGL206C;YPL019C;YOL062C;YGR261C;YFL004W;YJL012C;YBR288C;YER072W;YPL195W;YJL024C;YLR170C;YPR029C;YPL259C;YHL019C;YFL005W;YML067C;YJL085W;YBR102C;YGL137W;YDR238C;YNL287W;YPL010W;YFR051C;YBR105C;YIL076W;YDL145C
prerank,GO:0051301,0.234768334057633,1.7440823769219294,0.007172131147540984,0.03146724873401886,0.971,97/103,73.82%,YBR160W;YER133W;YDL047W;YJL030W;YOL115W;YGL116W;YDL132W;YOL004W;YDR052C;YER147C;YDR113C;YDL017W;YDR137W;YIL106W;YLR229C;YOR005C;YFL034C-B;YJR053W;YMR055C;YMR153W;YDL088C;YOR353C;YLR381W;YPR046W;YJR135C;YPL024W;YJR089W;YLR002C;YOL069W;YJR112W;YAL034W-A;YIR010W;YIL144W;YJL164C;YPL233W;YER018C;YBR211C;YPL018W;YMR117C;YBL016W;YGR179C;YDR318W;YJL074C;YFL008W;YDL003W;YIL026C;YLR272C;YDR325W;YLR459W;YBL097W;YLR086W;YFR031C;YFR028C;YJL076W;YGL086W;YNL289W;YDL127W;YNL225C;YAL047C;YOR373W;YGR108W;YMR199W;YPR119W;YPR120C;YGR109C;YAL040C;YDL155W;YLR210W;YPL256C;YKL193C;YAR014C;YKR083C;YBR233W-A;YGR113W;YDR320C-A;YDR016C;YKL052C;YGL061C;YDR201W;YKR037C;YKL138C-A;YAL024C;YKL022C;YLR102C;YNL172W;YDR118W;YOR249C;YHR166C;YIR025W;YLR127C;YBL084C;YDL008W;YDR260C;YFR036W;YGL003C;YGL240W;YJL013C
prerank,GO:0031965,0.36618839675608233,1.7415849662800496,0.027707808564231738,0.03178445890270856,0.971,24/24,63.92%,YDR477W;YJL061W;YJL041W;YHR004C;YBR070C;YLR229C;YAL009W;YMR153W;YBL079W;YDL088C;YBR170C;YGL075C;YOR254C;YER072W;YIL115C;YDL207W;YGR119C;YGL172W;YFR002W;YGL100W;YKL057C;YJR042W;YGL092W;YDL116W
prerank,GO:0000978,0.40431685983629617,1.7402939570649414,0.01797175866495507,0.03174919528267567,0.972,14/19,39.27%,YBR112C;YDR207C;YAL051W;YOR363C;YPL075W;YDR123C;YBL103C;YOL108C;YPL248C;YOR358W;YGL237C;YBL021C;YMR043W;YMR042W
prerank,GO:0000747,0.436729763660374,1.739603630090518,0.02557200538358008,0.03163207717976848,0.973,14/15,51.63%,YGR238C;YCR009C;YLR229C;YHR084W;YML057W;YLR433C;YKL190W;YLR330W;YMR025W;YOL117W;YDL216C;YDR179C;YJR084W;YBR081C
prerank,GO:0016746,0.3863901711906971,1.7293942377583322,0.028683181225554105,0.03351633650591127,0.978,12/19,31.16%,YGR252W;YPL231W;YJL071W;YPR131C;YLR246W;YMR296C;YDR062W;YPL001W;YHR013C;YMR127C;YOR253W;YPR051W
prerank,GO:0045944,0.23117504138553863,1.7200013316356677,0.009345794392523364,0.035238401824486426,0.981,31/106,19.11%,YBR160W;YNL103W;YER125W;YLR182W;YBR245C;YCR084C;YBR112C;YDR207C;YHR099W;YMR033W;YPR034W;YGR163W;YGR252W;YPL139C;YOL004W;YNL330C;YGL252C;YOR043W;YLR226W;YAL051W;YOR363C;YNL199C;YPL075W;YDR397C;YER159C;YDR123C;YBL103C;YOL067C;YJR104C;YOL108C;YLL010C
prerank,GO:0006887,0.41216635630043447,1.7156327476166087,0.03259452411994785,0.03578484797891912,0.982,16/16,59.19%,YGR009C;YMR192W;YPL249C;YAR042W;YAL030W;YFL005W;YPL232W;YPR032W;YPR055W;YER008C;YIL068C;YJL085W;YBR102C;YLR166C;YDR166C;YGL233W
prerank,GO:0005934,0.3349568443961346,1.7127483911546448,0.025029797377830752,0.036134083777033345,0.982,15/28,28.76%,YER125W;YHR158C;YGR238C;YAL016W;YMR192W;YPL249C;YLR342W;YPR165W;YDR388W;YLR229C;YFL034C-B;YNL161W;YLR319C;YER149C;YLL021W
prerank,GO:0005743,0.24517374517374455,1.6947858612256426,0.023758099352051837,0.03981447692872997,0.992,73/73,76.58%,Q0045;YJL104W;YLR008C;YCL044C;YPR024W;YOL096C;YDR204W;YMR089C;YER017C;Q0115;YJR135W-A;YGR181W;YGR132C;YGR231C;YMR023C;YMR038C;YLR067C;YEL020W-A;YHR005C-A;YMR150C;YMR035W;YOR211C;YEL059C-A;YLL041C;YKL148C;YJL054W;YDR178W;YKL141W;YDL217C;YOR297C;YBR091C;YLR203C;YML129C;YOR065W;Q0105;YBL045C;YPR191W;YDR529C;YEL024W;YHR001W-A;YJL166W;YFR033C;YGR183C;YLR038C;Q0275;YGL187C;Q0250;YDL067C;YGL191W;YLR395C;YMR256C;YNL052W;YHR051W;YBL099W;YKL016C;YDR377W;YLR295C;Q0085;YBR039W;YPL078C;YOL077W-A;YDL004W;YDR322C-A;YJR121W;YDR298C;YPL271W;YJL143W;YJR045C;YGR033C;YNR017W;YPL063W;YKR065C;YIL022W
prerank,GO:0016757,0.39403356121814803,1.694276016462491,0.028534370946822308,0.039591520225347364,0.992,18/18,61.03%,YLR342W;YGL047W;YDL095W;YAL023C;YGR032W;YDL093W;YOR321W;YPL057C;YBR126C;YPL076W;YPL175W;YNL038W;YGR216C;YJR075W;YDR245W;YJL183W;YEL002C;YGL022W
prerank,GO:0000131,0.34019910353343097,1.694216328398763,0.024067388688327317,0.03930803537345784,0.992,24/26,60.48%,YMR192W;YPL249C;YPR165W;YLR229C;YNL161W;YHL007C;YLR319C;YOR353C;YER149C;YLL021W;YKL189W;YHR102W;YFL005W;YNL289W;YDL127W;YBR109C;YPR055W;YER008C;YJL085W;YBR102C;YDR166C;YGL233W;YNL233W;YAR014C
prerank,GO:0000776,0.2923752889041214,1.6832336721497971,0.025056947608200455,0.04142404982597706,0.994,25/42,40.57%,YER133W;YDR328C;YBR156C;YOR026W;YJL030W;YER116C;YDL013W;YGR063C;YLR381W;YPR046W;YJR135C;YJR089W;YPL209C;YOL069W;YJR112W;YAL034W-A;YIR010W;YIL144W;YPL233W;YER018C;YBR211C;YPL018W;YMR117C;YGR179C;YDR318W
prerank,GO:0008320,0.35240841681146706,1.6714401163279822,0.0236318407960199,0.04404016278374461,0.996,22/25,55.01%,YDR086C;YGL020C;YER083C;YOR254C;YLR292C;YJL054W;YDL217C;YOR297C;YBR091C;YBR171W;YPL094C;YBR283C;YER087C-B;YLR378C;YNL026W;YOR045W;YPR133W-A;YNL131W;YGR082W;YMR203W;YNL070W;YNL121C
prerank,GO:0003682,0.24646695756044346,1.6698208232109208,0.026680896478121666,0.04414669895919704,0.996,47/72,49.66%,YER148W;YBR245C;YJL081C;YKL018W;YGL112C;YDR145W;YDR167W;YBR198C;YMR236W;YPR034W;YDR448W;YNL118C;YGL207W;YML069W;YNL246W;YDR180W;YDR397C;YER159C;YGL090W;YPL001W;YHL022C;YBL079W;YPR179C;YDR295C;YNL021W;YNL182C;YHR197W;YHR085W;YLR002C;YIL072W;YNL102W;YDL003W;YIL026C;YLR272C;YDR325W;YBL097W;YPR007C;YLR086W;YFR031C;YLR442C;YLL004W;YLR274W;YBR202W;YBL023C;YEL032W;YML065W;YBR060C
prerank,GO:0005635,0.36573208722741435,1.6635056307703557,0.034482758620689655,0.045547119882890064,0.997,22/22,63.92%,YJL041W;YCR086W;YMR284W;YDR159W;YOL072W;YNL199C;YPL075W;YLR229C;YHR195W;YAR042W;YGL075C;YKL045W;YBL035C;YLR025W;YGL086W;YLR440C;YDR437W;YOR373W;YGL172W;YEL019C;YEL002C;YDL116W
prerank,GO:0003924,0.36806972400949206,1.6610291027090467,0.02557544757033248,0.045846413264216165,0.998,17/20,52.06%,YGR163W;YER025W;YMR023C;YPR165W;YDR172W;YLR229C;YDR292C;YFL037W;YIL009C-A;YBR179C;YOR211C;YBR118W;YPR080W;YFL005W;YDL192W;YPR088C;YKL173W
prerank,GO:0005777,0.34431284142162,1.6602569607748463,0.029904306220095694,0.045679578773743346,0.998,16/27,30.98%,YHR143W-A;YDR145W;YLR240W;YBR070C;YPR165W;YJL031C;YKL188C;YPL147W;YLR191W;YNL214W;YBR179C;YJL210W;YGL153W;YBR041W;YDR265W;YMR026C
prerank,GO:0000307,0.3744554088809824,1.654810365499362,0.02911392405063291,0.046782808224990605,0.999,19/20,59.86%,YBR160W;YPL031C;YPR161C;YLR226W;YKL139W;YOL001W;YGL134W;YNL289W;YPL219W;YDL127W;YGR108W;YMR199W;YPR119W;YPR120C;YGR109C;YAL040C;YDL155W;YLR210W;YPL256C
prerank,GO:0000122,0.24536153036859992,1.6527745945106915,0.025559105431309903,0.0470803602335363,0.999,25/70,26.06%,YBR160W;YPL031C;YML051W;YEL037C;YDR224C;YCR084C;YBR112C;YDR207C;YOL004W;YNL330C;YGR002C;YNL199C;YPL075W;YDR397C;YER159C;YHL007C;YPL049C;YDR480W;YHR084W;YPR179C;YDR295C;YNL021W;YPL002C;YJR102C;YLR417W
prerank,GO:0003779,0.4016139044072005,1.6479661448191736,0.02987012987012987,0.04801857836742639,0.999,16/16,60.23%,YPL045W;YNL138W;YDR388W;YIR006C;YNL084C;YLR319C;YBL007C;YBR118W;YPR080W;YBR234C;YNR035C;YLR370C;YKL013C;YJR065C;YDL029W;YNL233W
prerank,GO:0016192,0.24211809293992742,1.642532768952118,0.028938906752411574,0.04910871258720971,0.999,62/75,62.94%,YGR009C;YPR181C;YAL042W;YLR208W;YLR148W;YMR231W;YLR396C;YMR192W;YPL249C;YDL099W;YDR517W;YOR106W;YGL212W;YNR006W;YHL002W;YBR131W;YDR388W;YGL124C;YAR033W;YGL051W;YGR167W;YGL206C;YDL100C;YGL020C;YER083C;YJR058C;YBL037W;YOL062C;YJR005W;YGR261C;YBR288C;YPL195W;YJL024C;YLR170C;YKL135C;YPR029C;YPL259C;YHL019C;YAL030W;YPL232W;YHR098C;YML067C;YDL192W;YGL145W;YGL098W;YOR075W;YLR440C;YDR498C;YNL258C;YGL137W;YDR238C;YNL287W;YPL010W;YFR051C;YIL076W;YDL145C;YBR254C;YKR068C;YDR472W;YOR115C;YML077W;YDR246W
prerank,GO:0003743,0.362820437501773,1.6396405769067166,0.0370843989769821,0.04958058378653847,0.999,15/20,45.18%,YNL244C;YMR146C;YOR361C;YMR309C;YPL237W;YJR007W;YER025W;YOL139C;YGR162W;YKR059W;YLR291C;YOR260W;YDR211W;YKR026C;YGR083C
prerank,GO:0000724,0.336585434377084,1.6377302791342863,0.04081632653061224,0.04975297548111148,0.999,15/26,31.47%,YPL167C;YMR106C;YMR284W;YGL058W;YDL074C;YBR228W;YDR386W;YJL173C;YMR224C;YDR075W;YLR288C;YPL022W;YMR190C;YAR007C;YNL312W
prerank,GO:0051082,0.3255746962033046,1.6366365680334825,0.03155339805825243,0.04970316596268554,0.999,25/28,58.94%,YHR060W;YIL104C;YHR064C;YEL020W-A;YHR005C-A;YDL100C;YPL037C;YDR252W;YHR193C;YBL075C;YNL064C;YMR186W;YJL179W;YNL153C;YLR200W;YML094W;YEL003W;YJL008C;YJL014W;YJR064W;YDR188W;YJL111W;YIL142W;YDL143W;YDR212W
prerank,GO:0009060,-0.30917609626249015,-1.6153166025002728,0.032,0.04293757365462518,0.742,13/17,38.48%,YNL031C;YGL191W;Q0250;Q0275;YGR183C;YFR033C;YJL166W;YHR001W-A;YEL024W;YDR529C;YPR191W;YBL045C;Q0105
prerank,GO:0006383,0.36625392431691933,1.6143727653755984,0.04219948849104859,0.05559428005926557,0.999,6/19,8.36%,YPR187W;YHR143W-A;YBR154C;YOR224C;YPR110C;YNL113W
prerank,GO:0030466,0.33174638191045625,1.605796475415707,0.04975124378109453,0.058101723388819825,0.999,20/25,51.26%,YOL090W;YDL042C;YOL068C;YMR284W;YJL115W;YCL061C;YMR080C;YMR127C;YLR272C;YLR442C;YDR227W;YNL261W;YPR162C;YLL004W;YBR202W;YEL032W;YML065W;YBR060C;YHR118C;YDR310C
prerank,GO:0042144,0.38651312986169584,1.5958455586385607,0.04336399474375821,0.060930308270146186,1.0,8/16,18.93%,YLR148W;YPL045W;YMR231W;YLR396C;YOR106W;YGL212W;YNL015W;YLR043C
prerank,GO:0042273,-0.29525029992821217,-1.5800058020885521,0.05394190871369295,0.049344408654856106,0.8,9/17,16.41%,YPL143W;YOR234C;YPL198W;YLR344W;YFR031C-A;YKL006W;YHL001W;YGL076C;YGR034W
prerank,GO:0006487,0.3926799007444168,1.548810117247197,0.055858310626702996,0.07739055153644599,1.0,15/15,61.09%,YPL050C;YML115C;YJR075W;YEL036C;YDR245W;YJL183W;YDL232W;YML019W;YOR103C;YOR085W;YMR149W;YEL002C;YJL002C;YGL022W;YGL226C-A
prerank,GO:0005819,0.35572139303482586,1.5485589267396673,0.06762028608582575,0.07695305258285526,1.0,19/19,64.84%,YBR156C;YGR098C;YDR113C;YML085C;YLR212C;YJR089W;YPL209C;YPL174C;YPR119W;YKR083C;YBR233W-A;YGR113W;YDR320C-A;YDR016C;YKL052C;YDR201W;YKR037C;YKL138C-A;YGR140W
prerank,GO:0031491,0.3514804275189778,1.5456075926535902,0.05620915032679739,0.07762680432759902,1.0,15/18,53.23%,YBR245C;YDL042C;YGL207W;YML069W;YFR013W;YDR106W;YBR215W;YBL008W;YJR140C;YOR038C;YLR095C;YLR442C;YDR227W;YML065W;YOR304W
prerank,GO:0006486,0.3926799007444167,1.5450822821937056,0.06385869565217392,0.07737241159305813,1.0,15/15,61.09%,YPL050C;YDL095W;YAL023C;YDL093W;YOR321W;YJL183W;YDL232W;YML019W;YOR103C;YOR085W;YMR149W;YEL002C;YJL002C;YGL022W;YGL226C-A
prerank,GO:0008017,0.3730602110490379,1.5350531204280813,0.06496815286624204,0.08104451211281753,1.0,16/16,63.06%,YOR211C;YOL069W;YPL174C;YIL144W;YMR117C;YGR200C;YKR083C;YBR233W-A;YGR113W;YDR320C-A;YDR016C;YKL052C;YGL061C;YDR201W;YKR037C;YKL138C-A
prerank,GO:0060090,0.3443993002898439,1.531064492610518,0.07161125319693094,0.08213560963102806,1.0,6/20,5.78%,YDR138W;YGL112C;YDR145W;YDR167W;YBR198C;YMR236W
prerank,GO:0000981,0.3551922299654514,1.523377311999926,0.070242656449553,0.08482844091413007,1.0,13/19,39.27%,YDR207C;YAL051W;YOR363C;YPL075W;YBL103C;YOL067C;YPL248C;YOR358W;YGL237C;YBL021C;YMR043W;YML099C;YMR042W
prerank,GO:0070210,-0.2832095965222078,-1.512352696544417,0.06829268292682927,0.06586459245836841,0.889,8/18,8.36%,YKL185W;YNL097C;YPL181W;YAL013W;YDL076C;YMR263W;YIL084C;YBR095C
prerank,GO:0004402,0.359156064913484,1.5111028727603606,0.07364341085271318,0.089471209139274,1.0,10/18,31.04%,YHR099W;YGR252W;YDR176W;YJR082C;YLL002W;YPL001W;YDR181C;YOR213C;YMR127C;YEL056W
prerank,GO:0000447,-0.3067234166077223,-1.498645784987167,0.0759493670886076,0.06875802348108209,0.908,13/15,52.74%,YJL136C;YKR057W;YDR450W;YGR214W;YLR048W;YML026C;YOR310C;YJL109C;YDR449C;YLR222C;YLR129W;YJL069C;YCR057C
prerank,GO:0008270,0.1812528467325685,1.4953803483376746,0.04853387259858443,0.09612846168638534,1.0,72/173,33.50%,YDL042C;YOR210W;YHR143W-A;YOL068C;YOR039W;YPR181C;YPL167C;YDR207C;YOL013C;YDR448W;YNL330C;YLR148W;YMR231W;YBR114W;YPL237W;YER116C;YPR024W;YPL111W;YLR382C;YAL051W;YOR363C;YCR066W;YDR052C;YNR006W;YMR089C;YER017C;YKL025C;YGL094C;YJR135W-A;YGR181W;YGR063C;YNR046W;YDL074C;YIL106W;YLR163C;YLR246W;YJR104C;YDR390C;YKL028W;YPR176C;YBR228W;YPR066W;YEL020W-A;YHR005C-A;YLR005W;YPR056W;YGL019W;YDL100C;YFR044C;YNL021W;YLR417W;YMR201C;YBR281C;YBR170C;YJL025W;YGR264C;YMR080C;YMR127C;YDL102W;YJL210W;YMR190C;YDR265W;YMR026C;YAR007C;YNL250W;YGL155W;YPL096W;YPL248C;YJR089W;YDL090C;YDL043C;YDL030W
prerank,GO:0005933,0.3614177735394764,1.490540990683239,0.07732634338138926,0.09777408531166464,1.0,10/16,31.96%,YMR192W;YPL249C;YLR342W;YPR165W;YFL034C-B;YNL161W;YOR353C;YER149C;YKL189W;YHR102W
prerank,GO:0006511,0.2488535548305249,1.4809778837753773,0.07519640852974187,0.10168248087789018,1.0,11/44,11.86%,YDR328C;YER125W;YPL046C;YDL132W;YOL013C;YNL230C;YBR114W;YJR052W;YDL013W;YKL054C;YGL058W
prerank,GO:0032258,0.313109077596936,1.4779330174165544,0.08333333333333333,0.10263404754787567,1.0,22/24,62.69%,YPL120W;YGL212W;YBR131W;YGL124C;YMR159C;YDL113C;YJL036W;YLR417W;YBR217W;YPL149W;YDL029W;YGL223C;YGR120C;YNL041C;YGL005C;YPR105C;YNL051W;YER157W;YML071C;YKR068C;YMR218C;YDR108W
prerank,GO:0016779,-0.2572469276242595,-1.476469048741705,0.07883817427385892,0.07455859126322144,0.923,8/20,5.04%,YNL248C;YOR341W;YPR010C;YOR207C;YOR116C;YNL151C;YDL140C;YOR151C
prerank,GO:0031509,0.25427321704556183,1.4757659000063115,0.08036739380022963,0.10307272140876399,1.0,37/42,66.38%,YDL042C;YOL068C;YDR448W;YNL107W;YMR106C;YMR284W;YGL058W;YJL115W;YPL055C;YDL074C;YPL001W;YDL084W;YDR181C;YLR288C;YOR213C;YCL061C;YMR127C;YEL056W;YLL022C;YLR442C;YDR227W;YLR274W;YBR202W;YEL032W;YBR060C;YGL133W;YJL065C;YOR304W;YKL057C;YGL092W;YDL116W;YPL138C;YLR015W;YAR003W;YHR119W;YDR469W;YBR175W
prerank,GO:0000932,0.3068310856371491,1.463680854168314,0.08801020408163265,0.10826084918742598,1.0,16/25,41.00%,YAL021C;YOL149W;YNL118C;YNL085W;YKL025C;YGL094C;YOR173W;YLR270W;YNR051C;YGR162W;YKL166C;YPL203W;YBL026W;YLR438C-A;YDR378C;YER112W
prerank,GO:0003674,0.16853637940542324,1.453801664573419,0.0525783619817998,0.11316697136173368,1.0,168/221,65.83%,YLR275W;YER029C;YFL017W-A;YAL010C;YJL030W;YAL042W;YGR238C;YCR086W;YDR439W;YMR028W;YPR034W;YPL120W;YKR007W;YBR077C;YDL099W;YKL119C;YDR204W;YGR132C;YGR231C;YHR079C-A;YPL121C;YDR141C;YGL236C;YAR033W;YGL051W;YPR144C;YML085C;YGR090W;YGL213C;YPR189W;YPL002C;YMR048W;YCL061C;YNL273W;YHR157W;YKR022C;YOR353C;YHR077C;YLR329W;YLR381W;YPR046W;YJR135C;YDR470C;YKL189W;YMR240C;YDR280W;YCR035C;YGR158C;YGR195W;YDL111C;YGR095C;YHR069C;YNL232W;YJR058C;YBL037W;YJR005W;YOL146W;YDR489W;YJR112W;YAL034W-A;YIR010W;YGR261C;YPL233W;YDR027C;YER018C;YBR211C;YDR013W;YBR288C;YJL072C;YJL029C;YJR010C-A;YLR066W;YKL041W;YPL018W;YMR117C;YKL002W;YJL024C;YGR179C;YDR318W;YDR434W;YLR170C;YJR041C;YLR459W;YLR221C;YPL259C;YLR088W;YHR188C;YHL019C;YGL086W;YML067C;YNL056W;YLR409C;YKL122C;YJL069C;YGL145W;YLR440C;YPL243W;YFR008W;YMR052W;YMR029C;YPL210C;YNL258C;YKR027W;YOR299W;YJL099W;YMR025W;YCR095C;YDR067C;YDR200C;YOL117W;YIL071C;YDR179C;YJR084W;YNL127W;YLR238W;YPR082C;YML129C;YMR060C;YHR083W;YFR040W;YKR028W;YJL098W;YGR008C;YGL133W;YJL065C;YPL124W;YLR370C;YDR324C;YPL180W;YPR055W;YGR120C;YNL041C;YGL005C;YPR105C;YNL051W;YGL227W;YML071C;YDL176W;YBR102C;YLR166C;YDR238C;YNL287W;YPL010W;YFR051C;YIL017C;YBR105C;YMR135C;YCL039W;YDR166C;YOR103C;YBR254C;YOR115C;YDR108W;YIL112W;YBR103W;YCR033W;YJR033C;YDR202C;YMR068W;YJL058C;YGR253C;YMR314W;YGR135W;YOL038W;YGL011C;YBL041W;YML092C;YFR050C
prerank,GO:0051123,0.3055942024464684,1.4518951970002447,0.0903387703889586,0.11359676792980807,1.0,9/25,18.25%,YER148W;YGL112C;YDR145W;YDR167W;YMR236W;YDR397C;YER159C;YOR194C;YKL058W
prerank,GO:0005643,0.3345729697932394,1.4511953617365585,0.10376134889753567,0.11329346914682957,1.0,18/19,63.92%,YJL061W;YJL041W;YLR208W;YPL169C;YMR153W;YBL079W;YDL088C;YDR424C;YIL115C;YDL207W;YGR119C;YGL172W;YFR002W;YGL100W;YKL057C;YJR042W;YGL092W;YDL116W
prerank,GO:0042790,-0.24810576009658158,-1.4459077065519348,0.0660377358490566,0.08403670647211016,0.943,11/21,16.78%,YNL248C;YJL148W;YOR340C;YOR341W;YJR063W;YDR156W;YPR010C;YLR141W;YMR270C;YBL025W;YOR295W
prerank,GO:0051028,0.2972145832993416,1.4457077483713074,0.09938650306748466,0.11544146472685028,1.0,22/25,63.92%,YJL061W;YJL041W;YLR208W;YDR159W;YOL072W;YPL169C;YMR153W;YBL079W;YDL088C;YDL084W;YBR170C;YDR424C;YIL115C;YDL207W;YGR119C;YGL172W;YFR002W;YGL100W;YKL057C;YJR042W;YGL092W;YDL116W
prerank,GO:0008233,0.305486284289277,1.4312413221060825,0.1133250311332503,0.12232331030193867,1.0,23/23,69.88%,YGR098C;YPR024W;YMR089C;YER017C;YER151C;YLR163C;YFR044C;YMR150C;YMR035W;YBR281C;YNL191W;YIR022W;YML055W;YDR331W;YDL216C;YMR223W;YHR165C;YJL001W;YPR103W;YOR157C;YFR010W;YFR004W;YOR261C
prerank,GO:0006508,0.31047381546134684,1.42833252324709,0.10256410256410256,0.12310769731048078,1.0,23/23,69.39%,YGR098C;YPR024W;YMR089C;YER017C;YHR024C;YER151C;YLR163C;YFR044C;YMR150C;YMR035W;YBR281C;YIR022W;YLR025W;YDR331W;YDL216C;YMR223W;YPR191W;YJL001W;YPR103W;YOR157C;YFR010W;YFR004W;YFR052W
prerank,GO:0006606,0.3641439205955334,1.4274395637386852,0.1083676268861454,0.12281111876498138,1.0,15/15,63.92%,YJL061W;YJL041W;YLR208W;YGL252C;YMR153W;YBL079W;YJL164C;YBR109C;YGR119C;YGL172W;YFR002W;YKL057C;YJR042W;YGL092W;YDL116W
prerank,GO:0006413,0.2828840235250426,1.4224130717419214,0.10290556900726393,0.12489185405433485,1.0,8/27,8.79%,YNL244C;YMR146C;YOR361C;YMR309C;YPL237W;YJR007W;YER025W;YGL195W
prerank,GO:0005085,0.2782545109961468,1.4091219592182391,0.10939357907253269,0.13156968953230816,1.0,25/28,64.04%,YDR477W;YLR039C;YBR131W;YDR137W;YNL297C;YGL124C;YDL100C;YAL003W;YLR291C;YPL048W;YOR260W;YKL081W;YDR211W;YKR026C;YGR083C;YER019C-A;YER087C-B;YKR068C;YDR472W;YML077W;YMR218C;YGR166W;YDR246W;YDR407C;YER093C
prerank,GO:0000398,0.21160386170824294,1.4033952436987984,0.12701829924650163,0.13449793297042142,1.0,7/64,1.11%,YGR074W;YLR147C;YLR275W;YOR159C;YER029C;YPR182W;YFL017W-A
prerank,GO:0051726,0.32590876634267735,1.3832423528172937,0.12291933418693982,0.14582899633132637,1.0,8/18,29.13%,YER133W;YOR039W;YPR161C;YGL019W;YOR061W;YIL035C;YOL139C;YKL139W
prerank,GO:0005730,0.18246828000203044,1.374435910153764,0.11363636363636363,0.1507461027209412,1.0,71/111,54.46%,YER133W;YOR206W;YDL042C;YOR210W;YHR143W-A;YCR086W;YDR439W;YJL050W;YOL115W;YEL026W;YPR110C;YNL113W;YNR046W;YGR285C;YDL148C;YPR144C;YCL031C;YGR090W;YML112W;YLR318W;YLR233C;YML043C;YBL014C;YJL025W;YGR072W;YKL139W;YJL006C;YMR190C;YDR060W;YLR002C;YDR280W;YCR035C;YOL142W;YGR158C;YGR195W;YDL111C;YGR095C;YHR069C;YNL232W;YOL021C;YJR022W;YBL026W;YNL147W;YER146W;YLR438C-A;YDR378C;YER112W;YLR272C;YJR041C;YOL144W;YKL014C;YLR221C;YNR038W;YLR442C;YFR028C;YJL076W;YLR409C;YCR057C;YJL069C;YPL243W;YPL210C;YLR129W;YLR222C;YDR449C;YEL055C;YPL126W;YJL109C;YMR093W;YGR128C;YHR196W;YDR324C
prerank,GO:0030674,0.27115793345870176,1.3598743669704014,0.15114873035066506,0.15936194780734675,1.0,14/29,30.06%,YEL037C;YPL046C;YDL132W;YPL120W;YLR148W;YMR231W;YLR386W;YIR006C;YNL084C;YMR159C;YDR369C;YLR191W;YGL153W;YBL007C
prerank,GO:0003676,0.19893652003173956,1.348747612831312,0.1396588486140725,0.16589640201214517,1.0,36/74,37.55%,YDR138W;YPL167C;YJL050W;YOR361C;YJR007W;YIR005W;YDR052C;YGL094C;YOL124C;YER171W;YBR167C;YGR030C;YMR153W;YLR398C;YDL088C;YNL072W;YDL084W;YDR381W;YOR048C;YGL120C;YGR072W;YDL102W;YLR424W;YKR059W;YMR190C;YAR007C;YNL312W;YOR319W;YML049C;YDL043C;YDL030W;YOL021C;YAR008W;YNL102W;YLR105C;YMR059W
prerank,GO:0034605,0.27736539419738593,1.3454515464279764,0.15769712140175218,0.16733505034647692,1.0,9/25,19.11%,YER125W;YLR182W;YPL139C;YOL004W;YNL330C;YOR043W;YDR397C;YER159C;YLL010C
prerank,GO:0006364,0.18820347387995232,1.3416273402005843,0.15026455026455027,0.16900022106396106,1.0,58/86,54.46%,YJL050W;YPL235W;YEL026W;YGR285C;YNL124W;YHR064C;YDL148C;YPR144C;YCL031C;YGR090W;YNL282W;YBR257W;YNL221C;YBR167C;YHR062C;YAL033W;YBL018C;YGR030C;YGL246C;YOR048C;YGL120C;YNL182C;YHR197W;YHR085W;YLR002C;YDR280W;YCR035C;YOL142W;YGR158C;YGR195W;YDL111C;YGR095C;YHR069C;YNL232W;YOL021C;YJR022W;YBL026W;YNL147W;YER146W;YLR438C-A;YDR378C;YER112W;YJR041C;YKL014C;YNR038W;YLR409C;YCR057C;YJL069C;YLR129W;YLR222C;YDR449C;YEL055C;YPL126W;YJL109C;YMR093W;YGR128C;YHR196W;YDR324C
prerank,GO:0006368,0.2183083325958448,1.3399030703505102,0.16369710467706014,0.16926233094028745,1.0,14/52,14.26%,YDR138W;YAL021C;YGR275W;YMR033W;YPR034W;YNL330C;YNL230C;YPR023C;YPR161C;YLR226W;YOL072W;YGL207W;YML010W;YGR063C
prerank,GO:0007064,0.32577584448116464,1.3049204108994146,0.17282321899736147,0.19363310660207472,1.0,10/15,42.47%,YER147C;YMR048W;YCL061C;YNL273W;YOR253W;YLR234W;YJL074C;YFL008W;YDL003W;YIL026C
prerank,GO:0030150,-0.23839041877186734,-1.3016439547844634,0.13983050847457626,0.15085355525814084,0.996,14/18,46.59%,YIL022W;YKR065C;YPL063W;YNR017W;YGR033C;YOR232W;YJR045C;YJL143W;YNL121C;YNL070W;YMR203W;YGR082W;YNL131W;YOR045W
prerank,GO:0032968,-0.17705075330284833,-1.3005532113244858,0.17037037037037037,0.1487256226653561,0.996,19/33,32.45%,YOR244W;YDL108W;YOR064C;YCR052W;YGR186W;YLR418C;YOR123C;YGL244W;YBR279W;YGL048C;YOR259C;YER068W;YCR093W;YGR134W;YNL288W;YDL165W;YPR072W;YNR052C;YIL038C
prerank,GO:0000407,0.32561622626911274,1.2980047594917754,0.17829457364341086,0.1981088073868873,1.0,15/16,62.94%,YLR240W;YPL120W;YGL212W;YMR159C;YDL113C;YJL036W;YDR425W;YPL149W;YBR254C;YKR068C;YDR472W;YOR115C;YML077W;YDR108W;YDR246W
prerank,GO:0008380,0.18542578797385606,1.285654685113982,0.18585005279831046,0.20652832300248836,1.0,7/74,1.11%,YGR074W;YLR147C;YLR275W;YOR159C;YER029C;YPR182W;YFL017W-A
prerank,GO:0006914,0.24856073502652729,1.2687023902332133,0.199288256227758,0.2189915290700317,1.0,25/30,62.94%,YGL115W;YBR097W;YLR240W;YPL120W;YKR007W;YBR077C;YOR106W;YBR131W;YGL124C;YHR195W;YMR159C;YDL113C;YBR217W;YPL149W;YFL005W;YGL145W;YER157W;YBR254C;YKR068C;YDR472W;YOR115C;YML077W;YMR218C;YDR108W;YDR246W
prerank,GO:0030435,0.28076421149048514,1.2634144618981744,0.223203026481715,0.22224722454510118,1.0,9/20,24.52%,YOL068C;YAL051W;YGL058W;YPL121C;YGR032W;YPR054W;YAL009W;YDR369C;YHL022C
prerank,GO:0016236,0.23948896966269914,1.2577554063927547,0.21672555948174324,0.22570137922609979,1.0,15/32,31.78%,YNL103W;YPR181C;YBR097W;YLR240W;YPL120W;YGL212W;YBR131W;YGL124C;YMR159C;YDL113C;YLR417W;YDL126C;YPL037C;YEL053C;YPL149W
prerank,GO:0061629,0.262070347365523,1.2576924414813455,0.20698254364089774,0.22452975753095564,1.0,5/26,5.59%,YER148W;YIR017C;YML051W;YGL112C;YDR145W
prerank,GO:0043565,0.3105311853658147,1.2519771447430408,0.23107569721115537,0.2281760504876411,1.0,10/16,38.29%,YDR207C;YAL051W;YBL103C;YJL173C;YAR007C;YNL312W;YDL056W;YER111C;YBL021C;YMR043W
prerank,GO:0032991,0.22238671335178806,1.2352673609976472,0.2386634844868735,0.2414187302079472,1.0,4/35,1.11%,YPL129W;YOR159C;YER029C;YFL017W-A
prerank,GO:0006888,0.21887846355162838,1.2224276763450344,0.23603192702394526,0.25123285772142057,1.0,31/38,62.94%,YPR181C;YAL042W;YMR192W;YPL249C;YDL099W;YDR517W;YJL031C;YLR043C;YGL051W;YPR176C;YHR098C;YML067C;YDL192W;YGL145W;YNL258C;YGR120C;YER157W;YGL137W;YDR238C;YNL287W;YFR051C;YER122C;YIL076W;YDL145C;YBR254C;YKR068C;YDR472W;YOR115C;YML077W;YDR108W;YDR246W
prerank,GO:0061630,0.22496304950092208,1.208978085747043,0.2596944770857814,0.2620019144592156,1.0,8/34,11.74%,YDR328C;YER125W;YDL132W;YOL013C;YMR231W;YER116C;YDL013W;YCR066W
prerank,GO:0003729,0.1693530580172318,1.2050837345152703,0.22896698615548455,0.2644232245180522,1.0,33/81,33.01%,YGR074W;YLR147C;YOR206W;YJL050W;YOL115W;YMR309C;YPL237W;YMR205C;YOL149W;YNL118C;YGR178C;YML010W;YDR172W;YPL169C;YER151C;YJL209W;YNR051C;YHL007C;YLR067C;YCR020C-A;YLR398C;YDL084W;YNL253W;YDR381W;YOR048C;YGL120C;YGL245W;YMR080C;YGR072W;YGR162W;YAR007C;YMR288W;YDR060W
prerank,GO:0006397,0.1563045520066615,1.2048506652012279,0.2564102564102564,0.2633319590818715,1.0,55/118,43.52%,YER133W;YGR074W;YLR147C;YLR275W;YOR159C;YER029C;YPR182W;YFL017W-A;YJL050W;YKL018W;YEL026W;YIR005W;YOL149W;YNL118C;Q0120;YKL025C;YGL094C;Q0115;YML010W;YGR063C;YIR021W;YJL209W;YGL130W;YPL228W;YML112W;YDL084W;YGL246C;YOR048C;YKR022C;YGL120C;YLR424W;YKL139W;YJL006C;YOR319W;YMR288W;YMR240C;YML049C;YJL203W;YDL043C;YDL030W;YCR035C;YNL232W;YOL021C;YJR022W;YBL026W;YNL147W;YER146W;YLR438C-A;YDR378C;YER112W;YOR250C;YDR228C;YMR061W;YOL123W;YGL044C
prerank,GO:0006457,0.24132701915225388,1.193067330815298,0.27327690447400244,0.27302055536900977,1.0,21/26,58.94%,YPR024W;YGR132C;YGR231C;YDL100C;YBL075C;YNL064C;YMR186W;YJL179W;YNL153C;YLR200W;YGR078C;YML094W;YEL003W;YJL008C;YJL014W;YJR064W;YDR188W;YJL111W;YIL142W;YDL143W;YDR212W
prerank,GO:0006406,0.24941918157321144,1.151127128428533,0.29559748427672955,0.31261501338450276,1.0,9/22,25.45%,YJL061W;YDR138W;YIR005W;YDR159W;YOL072W;YPL169C;YDL084W;YNL253W;YDR381W
prerank,GO:0031507,-0.2196453786550363,-1.1347138635548233,0.28991596638655465,0.2778983731297995,1.0,7/17,10.02%,YOR144C;YOR290C;YBL052C;YIL084C;YIL126W;YDR225W;YBL003C
prerank,GO:0016567,0.18439216634453257,1.1260950630233002,0.3270718232044199,0.3366674520165181,1.0,21/50,33.25%,YDR328C;YER125W;YDL132W;YOL013C;YER116C;YDL013W;YKL054C;YCR066W;YGL058W;YDR092W;YDL074C;YJL173C;YMR080C;YGR072W;YJL210W;YDR265W;YMR026C;YAR007C;YNL312W;YML111W;YMR275C
prerank,GO:0005681,0.17542026584222634,1.1068021188753747,0.3432343234323432,0.3556741527083881,1.0,5/54,1.11%,YLR147C;YLR275W;YOR159C;YPR182W;YFL017W-A
prerank,GO:0005198,0.1977623371618648,0.9988850447273603,0.47549019607843135,0.47925096598406697,1.0,27/30,72.59%,YDR086C;YLR208W;YMR033W;YGR167W;YHR195W;YGL206C;YJR102C;YPL255W;YLR263W;YDL217C;YGL066W;YBR081C;YGL137W;YDR238C;YNL287W;YIL076W;YDL145C;YMR149W;YJL002C;YGL226C-A;YGL100W;YGR193C;YDR427W;YDL097C;YPR108W;YNR010W;YDR322C-A
prerank,GO:0006302,0.1941879707307974,0.9447531173692584,0.5348258706467661,0.5433935288418682,1.0,15/26,44.38%,YDR180W;YER147C;YBR098W;YDR386W;YPL001W;YMR224C;YOR368W;YPL022W;YML095C;YNL250W;YKL045W;YNL102W;YFL008W;YDL003W;YPR007C
prerank,GO:0032040,0.1736677115987462,0.9209129456778148,0.5550239234449761,0.5702290278462127,1.0,32/32,82.97%,YOR039W;YEL026W;YDL148C;YPR144C;YGR090W;YGL019W;YOR061W;YIL035C;YLR409C;YCR057C;YJL069C;YLR129W;YLR222C;YDR449C;YPL126W;YJL109C;YMR093W;YGR128C;YHR196W;YDR324C;YDL014W;YOR310C;YLR197W;YBR181C;YBR189W;YJL191W;YCR031C;YGL123W;YPL090C;YNL096C;YOR096W;YPL081W
prerank,GO:0019888,0.19280092915862437,0.8133844884644078,0.6736292428198434,0.701851151688703,1.0,13/17,60.54%,YAL016W;YAL009W;YNL201C;YBL046W;YDL126C;YFR040W;YKR028W;YJL098W;YDR028C;YBR045C;YBR050C;YAR014C;YOR178C
prerank,GO:0006396,0.17095063295366164,0.8119870708565718,0.6855670103092784,0.7001011085787866,1.0,12/24,43.02%,YGR074W;YLR147C;YOL124C;YLR067C;YBR257W;YBR167C;YJL203W;YDR280W;YNL232W;YER112W;YOR250C;YMR061W
prerank,GO:0065003,0.17421323095065366,0.7886949721338942,0.6947890818858561,0.7244520212850928,1.0,18/21,72.59%,YDR328C;YMR089C;YER017C;YGR167W;YGL213C;YGL066W;YBR081C;YNL026W;YDR356W;YBR254C;YOR115C;YGR166W;YIL042C;YPR020W;YPL078C;YOL077W-A;YML081C-A;YDR322C-A
prerank,GO:0030234,0.16724744651413054,0.7323995467777562,0.7695364238410596,0.7861536791805188,1.0,17/19,76.21%,YBR036C;YCL009C;YOR173W;YLR270W;YGL246C;YMR261C;YML100W;YLR291C;YKR026C;YGR083C;YBR109C;YGL191W;YIL075C;YER021W;YHR027C;YGL240W;YJR045C
prerank,GO:0031124,0.1598202646828236,0.7269007772258407,0.7781908302354399,0.7886644225145862,1.0,11/21,43.52%,YDR138W;YKL018W;YDR159W;YOL072W;YDL084W;YDR289C;YKL139W;YOR250C;YDR228C;YMR061W;YGL044C
